id,author,author_normalized_key,text,category,keywords,context,favorite,source,status,confidence,wikiquote_url,earliest_print_source,notes,reviewed_by_human,suspect_reason
q_0002,Ramana Maharshi,ramana-maharshi,There are no others.,spirit,self-knowledge; self-inquiry; self-awareness,"Hindu, Nondual",false,,attributed_unverified,0.4,https://en.wikiquote.org/wiki/Ramana_Maharshi,,"Widely circulated as Ramana Maharshi's response to the question 'How should we treat others?' — a dialogic form consistent with his recorded teachings. Multiple blogs and Quora threads repeat it, but no primary text (e.g., 'Talks with Ramana Maharshi', 'The Collected Works') has been pinpointed as the source. The phrasing is terse and aphoristic in Ramana's style, and the nondual content is entirely consistent with his Advaita Vedanta position. However, because no specific sitting, date, or recorded transcript has been confirmed, this cannot be elevated beyond attributed_unverified. Confidence remains low-to-moderate.",false,
q_0004,Dōgen Zenji,dōgen-zenji,Enlightenment is intimacy with all things.,spirit,,"Buddhism, Zen",true,,attributed_unverified,0.5,https://en.wikiquote.org/wiki/D%C5%8Dgen,,"Universally attributed to Dōgen Zenji across quote databases (AZQuotes, Goodreads, etc.), but no specific chapter or fascicle of the Shobogenzo has been confirmed as the source in any search result found. The more literal and widely cited Dōgen translation is 'To let the self be awakened by all things is enlightenment' (appearing in multiple Shobogenzo editions). 'Enlightenment is intimacy with all things' reads as an interpretive paraphrase or secondary synthesis rather than a direct translation. The Shobogenzo (1231–1253) is the canonical primary source for Dōgen, but this exact phrasing cannot be pinned to a specific fascicle without further scholarly verification. Plausible but unconfirmed.",false,
q_0006,Swami Nisargadatta,swami-nisargadatta,Love tells me I am everything. Wisdom tells me I am nothing. And between the two my life flows.,spirit,love; message; wisdom; nothing; everything,Hindu,true,,attributed,0.75,https://en.wikiquote.org/wiki/Nisargadatta_Maharaj,"I Am That: Talks with Sri Nisargadatta Maharaj, compiled by Maurice Frydman, 1973","Wikiquote's Nisargadatta Maharaj article contains the fuller passage: 'Love says I am everything. Wisdom says I am nothing. Between the two, my life flows.' This is cited to 'I Am That,' the landmark compilation of his dialogues by Maurice Frydman (1973). The quote as given in our record ('Love tells me I am everything. Wisdom tells me I am nothing. And between the two my life flows.') is a minor paraphrase of the same passage. Also cited by Sharon Salzberg in 'Lovingkindness.' The author name 'Swami Nisargadatta' is non-standard; he is canonically known as 'Sri Nisargadatta Maharaj.' Attribution is strongly supported by Wikiquote and multiple secondary references, though exact page number in 'I Am That' was not located in web results.",false,
q_0007,Jimi Hendrix,jimi-hendrix,"When the power of love becomes stronger than the love of power, we will have peace.",relationships,love; power; strength; peace,,true,,likely_misattributed,0.22,https://en.wikiquote.org/wiki/Jimi_Hendrix,"""My Rose Petals,"" Sri Chinmoy, Sri Chinmoy Centre, 1971 (earliest confirmed print version)","This quote is almost certainly not original to Jimi Hendrix. Goodreads tags it explicitly as 'misattributed' and cross-references 'william-gladstone.' Wikiquote's Sri Chinmoy article contains the note that 'a similar statement has also become attributed to Jimi Hendrix, though he could have been quoting or paraphrasing Chinmoy, or conceivably Gladstone.' Sri Chinmoy's 'My Rose Petals' (1971) is the earliest confirmed print citation: 'World Peace can be achieved when the Power Of Love replaces the Love Of Power.' William Gladstone is cited in 'The Forbes Book of Business Quotations' (1997) and in 'The National Elementary School Principal' (Vol. 28, 1948) with a very similar phrasing. An even earlier origin attributed to William Ellery Channing (1780–1842) circulates but is unverified. The exact phrasing in this record ('becomes stronger than' rather than 'overcomes') is a further variant. No primary Hendrix source (interview, recording, written statement) has ever been established. Misattribution to Hendrix is well-documented. | Suggested reattribution: Sri Chinmoy (earliest confirmed print, 1971); possibly William Gladstone or William Ellery Channing for an earlier conceptual antecedent",false,
q_0009,Thich Nhat Hanh,thich-nhat-hanh,We are here to awaken from the illusion of our separateness.,insight,identity; self; interbeing,"Buddhism, Zen, Nondual",true,,attributed,0.68,https://en.wikiquote.org/wiki/Thich_Nhat_Hanh,,"Consistently and widely attributed to Thich Nhat Hanh across Buddhist and mindfulness publications (HuffPost, Pachamama Alliance, Mountain Sangha, etc.). One secondary source (mountainsangha.org) specifically states the quote appeared in a Tricycle.com article by dharma teacher Wendy Johnson, citing it as Thich Nhat Hanh's words. However, no specific book or talk by Thich Nhat Hanh has been pinpointed in any search result. Given the broad and consistent attribution, including from organizations closely aligned with his teaching lineage, confidence is moderate-to-high. Cannot be elevated to 'verified' without a specific primary text reference.",false,
q_0011,Abraham Lincoln,abraham-lincoln,The best way to destroy an enemy is to make him a friend.,relationships,adversity; transform; transformation,,true,,apocryphal,0.15,https://en.wikiquote.org/wiki/Abraham_Lincoln,,"Quote Investigator (quoteinvestigator.com/2020/05/13/make-friends/) investigated this thoroughly and concluded: 'based on current evidence this anecdote is apocryphal.' The saying has been attributed to Abraham Lincoln (via a post-mortem Civil War anecdote), Holy Roman Emperor Sigismund (d. 1437), and Mark Twain — all attributions appearing long after each figure's death. An 1867 New Orleans newspaper attributed a similar saying to Sigismund; the Lincoln anecdote form emerged by the 1940s. An 1858 Wisconsin newspaper cited the concept in relation to Cardinal Richelieu. An 1885 Vermont newspaper printed a similar line with no attribution. No primary Lincoln source (speech, letter, diary) has ever been found. The attribution to Lincoln is not credible.",false,
q_0013,Ram Dass,ram-dass,The most important aspect of love is not in giving or receiving; it's in the being.,insight,,"Hindu, Nondual",true,,attributed,0.65,https://en.wikiquote.org/wiki/Ram_Dass,,"The official Ram Dass Foundation website (ramdass.org/ram-dass-quotes/) carries this quote, lending it institutional credibility. Goodreads also has the extended version: 'The most important aspect of love is not in giving or the receiving: it's in the being. When I need love from others, or need to give love to others, I'm caught in an unstable situation.' Note the official source uses 'the receiving' not merely 'receiving' as in this record — a minor wording variant. No specific book title (e.g., 'Be Here Now,' 'Grist for the Mill,' 'How Can I Help?') has been identified as the origin in any source found. Attribution is plausible and officially endorsed, but the absence of a traceable book source keeps confidence at the moderate level.",false,
q_0014,Ram Dass,ram-dass,Treat everyone you meet as if they are god in drag.,relationships,true nature; identity; divine,"Hindu, Nondual",true,,attributed_unverified,,,,,false,
q_0015,Ram Dass,ram-dass,I see my life as an unfolding set of opportunities to awaken.,spirit,awakening; opportunity; attitude; perspective,Hindu,true,,attributed_unverified,,,,,false,
q_0016,Ram Dass,ram-dass,We love everyone by inhabiting the soul.,spirit,,"Hindu, Nondual",false,,attributed_unverified,,,,,false,
q_0017,Steve Jobs,steve-jobs,The only way to do great work is to love what you do.,creativity,motivation; purpose,"Tech, Entrepreneur, Business",true,,attributed_unverified,,,,,false,
q_0018,Steve Jobs,steve-jobs,The ones who are crazy enough to think that they can change the world are the ones who do.,business,crazy; world; change; action; thought; work,,true,,attributed_unverified,,,,,false,
q_0019,Steve Jobs,steve-jobs,"Your time is limited, so don't waste it living someone else's life. Don't be trapped by dogma - which is living with the results of other people's thinking. Don't let the noise of other's opinions drown out your own inner voice. And most important, have the courage to follow your heart and intuition. They somehow already know what you truly want to become. Everything else is secondary.",creativity,motivation; purpose,"Tech, Entrepreneur, Business",true,,likely_misattributed,,,,This is real — from the 2005 Stanford commencement address — but verify exact wording.,false,This is real — from the 2005 Stanford commencement address — but verify exact wording.
q_0020,Albert Einstein,albert-einstein,"The important thing is not to stop questioning. Curiosity has its own reason for existing. One cannot help but be in awe when he contemplates the mysteries of eternity, of life, of the marvelous structure of reality. It is enough if one tries merely to comprehend a little of this mystery every day. Never lose a holy curiosity.",spirit,question; curiosity; awe; mystery; eternity; life; reality; holy; mind,"Scientist, Theoretical Physicist",true,,attributed_unverified,,,,,false,
q_0021,Marcus Aurelius,marcus-aurelius,It's time you realized that you have something in you more powerful and miraculous than the things that affect you and make you dance like a puppet.,insight,resilience; self-awareness,"Philosophy, Stoic, Greek, Wisdom, Ancient",true,,attributed_unverified,,,,,false,
q_0022,Noam Chomsky,noam-chomsky,"Optimism is a strategy for making a better future. Because unless you believe that the future can be better, you are unlikely to step up and take responsibility for making it so.",,,,true,,attributed_unverified,,,,,false,
q_0023,Aristotle,aristotle,"We are what we repeatedly do. Excellence, then, is not an act, but a habit.",business,excellence; action; habit,"Philosophy, Ancient Greek",true,,likely_misattributed,,,,"Actually Will Durant (1926) paraphrasing Aristotle, not Aristotle himself.",false,"Actually Will Durant (1926) paraphrasing Aristotle, not Aristotle himself."
q_0024,"Marshall McLuhan's idea, paraphrased by Father John Culkin",marshall-mcluhans-idea-paraphrased-by-father-john-culkin,"We shape our tools, thereafter our tools shape us.",design,,"Creativity, Technology, Influence",false,,attributed_unverified,,,,,false,
q_0026,Carl Jung,carl-jung,The creation of something new is not accomplished by the intellect but by the play instinct.,insight,creativity; creation; produtivity; innovation,Psychology,true,,attributed_unverified,,,,,false,
q_0027,Abraham Maslow,abraham-maslow,Almost all creativity involves purposeful play.,creativity,play; creation; innovation,"Psychology, Humanist",true,,attributed_unverified,,,,,false,
q_0028,David Lynch,david-lynch,We are like the dreamer who dreams and then lives inside the dream.,insight,life; reality; imagination,Filmmaker,false,,attributed_unverified,,,,,false,
q_0031,Eckhart Tolle,eckhart-tolle,The key to transformation is to make friends with this moment. What form it takes doesn't matter. Say yes to it. Allow it. Be with it.,spirit,acceptance; presence; being,Author,true,,attributed_unverified,,,,,false,
q_0032,Buckminster Fuller,buckminster-fuller,"You never change things by fighting the existing reality. To change something, build a new model that makes the existing model obsolete.",creativity,progress,"Philosopher, Architect",true,,attributed_unverified,,,,,false,
q_0033,Arthur Miller,arthur-miller,I saw clearly only when I saw with love.,spirit,perception,Author,true,,attributed_unverified,,,,,false,
q_0034,Nisagardatta Maharaj,nisagardatta-maharaj,Mind creates the abyss – the heart crosses it.,spirit,mind; abyss; heart,Hindu,true,,attributed_unverified,,,,,false,
q_0036,John Lennon,john-lennon,"If someone thinks that peace and love are just a cliche that must have been left behind in the 60s, that's a problem. Peace and love are eternal.",insight,,,false,,attributed_unverified,,,,,false,
q_0037,Pablo Picasso,pablo-picasso,The meaning of life is to find your gift. The purpose of life is to give it away.,insight,creativity; purpose; generosity,Artist,true,,attributed_unverified,,,,,false,
q_0038,"Dr. Martin Luther King, Jr.",dr-martin-luther-king-jr,Love is the only force capable of transforming an enemy into friend.,relationships,love; transformation; healing; reconciliation,Christianity,true,,attributed_unverified,,,,,false,
q_0039,"Dr. Martin Luther King, Jr.",dr-martin-luther-king-jr,I am convinced that the universe is under the control of a loving purpose. And that in the struggle for righteousness man has cosmic companionship. Behind the harsh appearance of the world there is a benign power.,insight,love; universe; struggle; world; power,Christianity,false,,attributed_unverified,,,,,false,
q_0042,C. S. Lewis,c-s-lewis,Miracles are a retelling in small letters of the very same story which is written across the whole world in letters too large for some of us to see.,insight,miracle; life; perception,Author,true,,attributed_unverified,,,,,false,
q_0044,Sri Anandamayi Ma,sri-anandamayi-ma,"Whomsoever you may hate, you hate but your own Beloved. In the whole universe, in all states of being, in all forms is the Beloved.",relationships,self; other; nonduality,"Hindu, Bhakti",false,,attributed_unverified,,,,,false,
q_0045,Sri Anandamayi Ma,sri-anandamayi-ma,"He who yearns for God will find Him, and for the man who has found film, death dies. One should look forward to the vision of God which is the death of death and endeavour to let one’s mind at all times be engrossed in activities or practices that may prepare one for such a vision. You do not know in what shape or manner God Him­self is with you. Ever try to spend all the twenty-four hours in the contemplation and remembrance of the Supreme Being, in the repetition of God’s Name or the study of books of wisdom. By some realization, by a divine mood or appearance, even by tears shed in longing for Him, the One at times makes His Presence felt. Endeavour to keep your mind absorbed in the thought of Him and in readiness to experience His touch in all forms and modes of being. The day that is gone will not return. Try to make the best use of every precious moment, being ever intent on the realization of your own Self.",insight,self; other; nonduality,"Hindu, Bhakti",false,,attributed_unverified,,,,,false,
q_0046,Vincent van Gogh,vincent-van-gogh,"The more I think it over, the more I feel that there is nothing more truly artistic than to love people.",relationships,love,Artist,true,,attributed_unverified,,,,,false,
q_0047,Haile Selassie,haile-selassie,"Knowledge paves the way to love and love in its turn fosters understanding, and leads one along the path of great common achievements.",insight,,Rastafarian,true,,attributed_unverified,,,,,false,
q_0048,Hafiz,hafiz,"Start seeing everything as god, but keep it a secret.",,,"Islam, Sufi, Mystic, Poet",true,,attributed_unverified,,,,,false,
q_0049,Ram Dass,ram-dass,"Detachment is giving up how it turns out, and devotion is surrendering into love. The practice is to keep an eye on both and maintain the balance.",spirit,,"Hindu, Nondual",true,,attributed_unverified,,,,,false,
q_0050,Ram Dass,ram-dass,"If I merge with love, there’s nothing to be afraid of. Love neutralizes fear.",spirit,,"Hindu, Nondual",false,,attributed_unverified,,,,,false,
q_0051,Ram Dass,ram-dass,"Through an open heart, one hears the universe.",spirit,,"Hindu, Nondual",false,,attributed_unverified,,,,,false,
q_0052,Ram Dass,ram-dass,"Suffering only shows where you are attached. That is why, to those on the path, suffering is grace.",insight,growth; attachment; awakening,"Hindu, Nondual",true,,attributed_unverified,,,,,false,
q_0053,Fred Rogers,fred-rogers,"Love isn't a state of perfect caring. It is an active noun like struggle. To love someone is to strive to accept that person exactly the way he or she is, here and now.",relationships,,"Entertainer, Educator",true,,attributed_unverified,,,,,false,
q_0054,Elie Wiesel,elie-wiesel,Help one another. It is the only way to survive.,relationships,generosity; kindness; humanity,Writer,false,,attributed_unverified,,,,,false,
q_0056,Pete Holmes,pete-holmes,Art is highly sensitive people reporting back to the group what reality is like for them.,creativity,,Artist,false,,attributed_unverified,,,,,false,
q_0057,Alan Watts,alan-watts,"This is the real secret of life — to be completely engaged with what you are doing now. And instead of calling it work, realize it is play.",creativity,play,"Eastern Spirituality, Buddhism, Zen, Taoism",true,,attributed_unverified,,,,,false,
q_0058,Alan Watts,alan-watts,The destination of life is this eternal moment.,insight,presence; purpose,"Eastern Spirituality, Buddhism, Zen, Taoism",false,,attributed_unverified,,,,,false,
q_0059,Alan Watts,alan-watts,Stop measuring days by degree of productivity and start experiencing them by degree of presence.,spirit,life; purpose; presence,"Eastern Spirituality, Buddhism, Zen, Taoism",false,,attributed_unverified,,,,,false,
q_0060,Alan Watts,alan-watts,No amount of anxiety makes any difference to anything that is going to happen.,insight,acceptance; calm; inner peace,"Buddhist, Zen",false,,attributed_unverified,,,,,false,
q_0061,Alan Watts,alan-watts,Your soul is not in your body. Your body is in your soul.,spirit,,"Buddhist, Zen",true,,attributed_unverified,,,,,false,
q_0064,Thich Nhat Hanh,thich-nhat-hanh,"The most precious gift we can offer anyone is our attention. When mindfulness embraces those we love, they will bloom like flowers.",insight,relationship,"Buddhism, Zen",false,,attributed_unverified,,,,,false,
q_0065,Mahatma Gandhi,mahatma-gandhi,"When I despair, I remember that all through history the way of truth and love have always won. There have been tyrants and murderers, and for a time, they can seem invincible, but in the end, they always fall. Think of it – always.",,,"Eastern Spirituality, Spiritual Teacher",true,,attributed_unverified,,,,,false,
q_0066,Anonymous,anonymous,"If you want to see the brave, look at those who can forgive. If you want to see the heroic, look at those who can love in return for hatred.",relationships,forgiveness,"Hindu, Krishna-consciouness",false,,attributed_unverified,,,,,false,
q_0067,"Rod McKuen,",rod-mckuen,"It doesn’t matter who you love or how you love, but that you love.",relationships,love,"Poet, Musician",true,,attributed_unverified,,,,,false,
q_0070,Alice Walker,alice-walker,The most common way people give up their power is by thinking they don't have any.,insight,self-awareness,"Author, African-American, Thought-leader",true,,attributed_unverified,,,,,false,
q_0071,David Lloyd George,david-lloyd-george,Don’t be afraid to take a big step if one is indicated. You can’t cross a chasm in two small steps.,insight,fear; courage,"Statesman, British",false,,attributed_unverified,,,,,false,
q_0072,Henry David Thoreau,henry-david-thoreau,There is no remedy for love but to love more.,relationships,devotion,"Philosopher, Naturalist",true,,attributed_unverified,,,,,false,
q_0073,Henry David Thoreau,henry-david-thoreau,"You must live in the present, launch yourself on every wave, find your eternity in each moment. Fools stand on their island of opportunities and look toward another land. There is no other land; there is no other life but this.",insight,presence; the present moment,"Philosopher, Naturalist",false,,attributed_unverified,,,,,false,
q_0074,Henry David Thoreau,henry-david-thoreau,‎Many men go fishing all of their lives without knowing that it is not fish they are after.,insight,seek; search; fish,"Philosopher, Naturalist",false,,attributed_unverified,,,,,false,
q_0075,Henry David Thoreau,henry-david-thoreau,Go confidently in the direction of your dreams. Live the life you have imagined.,creativity,dreams; confidence; direction; life; live; imagination,"Philosopher, Naturalist",true,,attributed_unverified,,,,,false,
q_0076,Henry David Thoreau,henry-david-thoreau,There is no remedy for love but to love more.,relationships,love; cure.,"Philosopher, Naturalist",true,,attributed_unverified,,,,,false,
q_0078,Henry David Thoreau,henry-david-thoreau,"Our life is frittered away by detail… simplify, simplify.",insight,simplicity,"Philosopher, Naturalist",true,,attributed_unverified,,,,,false,
q_0079,Transcendentalist insight inspired by Henry David Thoreau,transcendentalist-insight-inspired-by-henry-david-thoreau,"What lies before us and what lies behind us are small matters compared to what lies within us. And when you bring what is within out into the world, miracles happen.",insight,,"Philosopher, Naturalist",true,,attributed_unverified,,,,,false,
q_0080,Socrates,socrates,The unexamined life is not worth living.,insight,self-inquiry,"Ancient, Wisdom, Greek, Philosophy",false,,attributed_unverified,,,,,false,
q_0081,Socrates,socrates,No one is wrong on purpose.,insight,confusion; ignorance,"Ancient, Wisdom, Greek, Philosophy",false,,attributed_unverified,,,,,false,
q_0083,Marcus Aurelius,marcus-aurelius,You could leave life right now. Let that determine what you do and say and think.,insight,death-awareness; mortality; priorities; memento mori,"Philosophy, Stoic, Ancient Greek, Wisdom",true,,attributed_unverified,,,,,false,
q_0084,Shunryu Suzuki,shunryu-suzuki,Treat every moment as your last. It is not preparation for something else.,insight,presence; mindfulness,"Buddhist, Zen",true,,attributed_unverified,,,,,false,
q_0085,Winston Churchill,winston-churchill,"Success is not final, failure is not fatal: it is the courage to continue that counts.",insight,perseverance; resilience,Politician,true,,attributed_unverified,,,,,false,
q_0086,Pablo Picasso,pablo-picasso,Only put off until tomorrow what you’re willing to die having left undone.,creativity,tomorrow; death; procrastination; work; action; time,Artist,true,,attributed_unverified,,,,,false,
q_0087,Seneca,seneca,"Of all people only those are at leisure who make time for philosophy, only those are really alive. For they not only keep a good watch over their own lifetimes, but they annex every age to theirs. All the years that have passed before them are added to their own. Unless we are very ungrateful, all those distinguished founders of holy creeds were born for us and prepared for us a way of life. By the toil of others we are led into the presence of things which have been brought from darkness into light. We are excluded from no age, but we have access to them all; and if we are prepared in loftiness of mind to pass beyond the narrow confines of human weakness, there is a long period of time through which we can roam.",insight,perspective; learning; life; lifelong learner,"Philosophy, Stoic, Ancient Greek, Wisdom",false,,attributed_unverified,,,,,false,
q_0088,Cicero,cicero,"Gratitude is not only the greatest of virtues, but the parent of all others.",insight,gratitude,"Philosophy, Ancient Greek",true,,attributed_unverified,,,,,false,
q_0089,Cicero,cicero,Nothing cruel is useful or expedient.,insight,cruelty; useful,"Philosophy, Ancient Greek",true,,attributed_unverified,,,,,false,
q_0091,Plato,plato,You can discover more about a person in an hour of play than in a year of conversation.,creativity,play,"Philosophy, Ancient Greek",true,,attributed_unverified,,,,,false,
q_0092,Epictetus,epictetus,Don't explain your philosophy. Embody it.,insight,,"Philosophy, Stoic, Ancient Greek, Wisdom",false,,attributed_unverified,,,,,false,
q_0093,Epictetus,epictetus,"Remember it's not the things that upset us, it's our opinion about things.",insight,,"Philosophy, Stoic, Ancient Greek, Wisdom",true,,attributed_unverified,,,,,false,
q_0094,Seneca,seneca,We suffer more in imagination than in reality.,insight,perspective,"Philosophy, Stoic, Ancient Greek, Wisdom",false,,attributed_unverified,,,,,false,
q_0097,Marcus Aurelius,marcus-aurelius,Gentleness is invincible.,,,,false,,attributed_unverified,,,,,false,
q_0099,Seneca,seneca,It is more fitting for a man to laugh at life than to lament over it.,insight,perspective,"Philosophy, Stoic, Ancient Greek, Wisdom",false,,attributed_unverified,,,,,false,
q_0103,Epectitus,epectitus,"When you find yourself offended, understand that you are complicit in taking offense.",insight,self-awareness,"Philosophy, Stoic, Ancient Greek, Wisdom",true,,attributed_unverified,,,,,false,
q_0104,Epictetus,epictetus,No man is free who is not master of himself.,insight,freedom; person; mastery; self,"Philosophy, Stoic, Ancient Greek, Wisdom",false,,attributed_unverified,,,,,false,
q_0105,Epictetus,epictetus,Learn to wish that everything should come to pass exactly as it does.,insight,acceptance; perception; wish,"Philosophy, Stoic, Ancient Greek, Wisdom",false,,attributed_unverified,,,,,false,
q_0107,Diogenes of Sinope,diogenes-of-sinope,"The insult dishonors the one who infers it, not the one who receives it.",relationships,resilience,"Philosophy, Stoic, Ancient Greek, Wisdom",false,,attributed_unverified,,,,,false,
q_0108,Epicurius,epicurius,"Friendship dances around the world, bidding us all to awaken to the recognition of happiness.",relationships,friends,"Philosophy, Epicurian, Ancient Greek, Wisdom",false,,attributed_unverified,,,,,false,
q_0109,Arthur Schopenhauer,arthur-schopenhauer,"It is difficult to find happiness within oneself, but it is impossible to find it anywhere else.",insight,self-inquiry,"Philosophy, German",false,,attributed_unverified,,,,,false,
q_0110,Arthur Schopenhauer,arthur-schopenhauer,"The task is not so much to see what no one yet has seen, but to think what nobody yet has thought about that which everybody sees.",insight,awareness; perception,"Philosophy, German",false,,attributed_unverified,,,,,false,
q_0111,Arthur Schopenhauer,arthur-schopenhauer,Talent hits a target no one else can hit. Genius hits a target no one else can see.,insight,skill,"Philosophy, German",false,,attributed_unverified,,,,,false,
q_0112,John Lennon,john-lennon,A dream you dream alone is only a dream. A dream you dream together is reality.,insight,community; teamwork; vision,Musician,true,,attributed_unverified,,,,,false,
q_0113,Ram Dass,ram-dass,"When you know how to listen, everybody is the guru.",insight,learning; listening,Hindu,true,,attributed_unverified,,,,,false,
q_0114,Margaret Mead,margaret-mead,"Never doubt that a small group of thoughtful, committed citizens can change the world. In fact, it’s the only thing that ever has.",insight,change; world; community; action; work,Author,false,,attributed_unverified,,,,,false,
q_0115,Thomas Merton,thomas-merton,A person who fails well is greater than one who succeeds badly.,business,failure; success; bad,,false,,attributed_unverified,,,,,false,
q_0116,Thomas Merton,thomas-merton,"If I insist on giving you my truth, and never stop to receive your truth in return, then there can be no truth between us.",relationships,truth; listening; receive; share; communication,,false,,attributed_unverified,,,,,false,
q_0117,Thomas Merton,thomas-merton,"The whole idea of compassion is based on a keen awareness of the interdependence of all these living beings, which are all part of one another, and all involved in one another.",relationships,compassion; awareness; interdependence; connection; beings; animals; life; nature,,false,,attributed_unverified,,,,,false,
q_0118,Thomas Merton,thomas-merton,"The beginning of love is to let those we love be perfectly themselves, and not to twist them to fit our own image. Otherwise we love only the reflection of ourselves we find in them.",relationships,beginning; love; image; reflection; self; see,,false,,attributed_unverified,,,,,false,
q_0119,William Blake,william-blake,To see a world in a grain of sand and a heaven in a wildflower / Hold infintiy in the palm of your hand and eternity in an hour.,,time,Poet,false,,attributed_unverified,,,,,false,
q_0120,Winston Churchil,winston-churchil,Perfectionism spells paralysis.,,perfection,"Politician, Leader",false,,attributed_unverified,,,,,false,
q_0121,Epectitus,epectitus,We don't abandon our pursuits because we despair of ever perfecting them.,,perfection,"Philosophy, Stoic, Greek, Wisdom, Ancient",false,,attributed_unverified,,,,,false,
q_0122,Andy Warhol,andy-warhol,"Don't think about making art, just get it done. Let everyone else decide if it's good or bad, whether they love it or hate it. While they are deciding, make even more art.",creativity,creation; critics; criticism; perseverence,Artist,true,,attributed_unverified,,,,,false,
q_0123,Steve Jobs,steve-jobs,Design is not just what it looks like and feels like. Design is how it works.,design,,,false,,attributed_unverified,,,,,false,
q_0124,Steve Jobs,steve-jobs,"Sometimes when you innovate, you make mistakes. It is best to admit them quickly, and get on with improving your other innovations.",design,creativity; creative process,,false,,attributed_unverified,,,,,false,
q_0125,Steve Jobs,steve-jobs,People think focus means saying yes to the thing you’ve got to focus on. But that’s not what it means at all. It means saying no to the hundred other good ideas that there are. You have to pick carefully.,business,focus; planning; yes; no; work; action; good; ideas; choice,,true,,attributed_unverified,,,,,false,
q_0126,Steve Jobs,steve-jobs,"Your work is going to fill a large part of your life, and the only way to be truly satisfied is to do what you believe is great work. And the only way to do great work is to love what you do. If you haven’t found it yet, keep looking. Don’t settle. As with all matters of the heart, you’ll know when you find it. And, like any great relationship, it just gets better and better as the years roll on. So keep looking until you find it. Don’t settle.",business,work; love; passion; search,,true,,attributed_unverified,,,,,false,
q_0127,Walt Disney,walt-disney,The way to get started is to quit talking and begin doing.,business,productivity,Entrepreneur,false,,attributed_unverified,,,,,false,
q_0128,Alexander Graham Bell,alexander-graham-bell,Concentrate all your thoughts upon the work at hand. The sun's rays do not burn until brought to a focus.,,productivity,,false,,attributed_unverified,,,,,false,
q_0129,Marysarah Quinn,marysarah-quinn,A job is what we do for money. Work is what we do for love.,business,work; love; money,,true,,attributed_unverified,,,,,false,
q_0130,Ian Wallace,ian-wallace,Why are you trying so hard to fit in when you were born to stand out?,,individuality; uniqueness,,false,,attributed_unverified,,,,,false,
q_0131,Ella Baker,ella-baker,Give light and people will find the way.,insight,generosity,,true,,attributed_unverified,,,,,false,
q_0132,Mary Oliver,mary-oliver,Attention is the beginning of devotion.,insight,presence,Poet,true,,attributed_unverified,,,,,false,
q_0133,Thich Nhat Hanh,thich-nhat-hanh,"This body is not me. I am life without boundaries. I’ve never been born and I’ve never died. Since before death and before time, I’ve been free. Birth and death are only doors through which we pass, sacred thresholds. Birth and death are a game of hide and seek.",insight,self; identity; deathless,"Buddhism, Zen, Nondual",true,,attributed_unverified,,,,,false,
q_0134,Mooji,mooji,Be nobody and see if you lose anything but delusion.,insight,self; identity; deathless,"Hindu, Nondual",false,,attributed_unverified,,,,,false,
q_0135,Mooji,mooji,A thought without belief has no power.,insight,,"Hindu, Nondual",false,,attributed_unverified,,,,,false,
q_0136,Wei Wu Wei,wei-wu-wei,"Play your part in the comedy, but don't identify yourself with your role.",insight,happiness; self,Taoist,false,,attributed_unverified,,,,,false,
q_0138,Wei Wu Wei,wei-wu-wei,"Why aren't you happy? It's because ninety-nine percent of everything you do, and think, and say, is for yourself - and there isn't one.",insight,happiness; self,Taoist,true,,attributed_unverified,,,,,false,
q_0140,Nelson Mandela,nelson-mandela,Education is the most powerful weapon which you can use to change the world.,insight,transformation,Political Leader,false,,attributed_unverified,,,,,false,
q_0141,Dieter Rams,dieter-rams,"Good design is as little design as possible. Less, but better – because it concentrates on the essential aspects, and the products are not burdened with non-essentials. Back to purity, back to simplicity.",design,simplicity; minimalism,Product Design,true,,attributed_unverified,,,,,false,
q_0142,Dieter Rams,dieter-rams,Indifference towards people and the reality in which they live is actually the one and only cardinal sin in design.,design,empathy,Product Design,false,,attributed_unverified,,,,,false,
q_0143,Dieter Rams,dieter-rams,"Good designers must always be avant-gardists, always one step ahead of the times. They should–and must–question everything generally thought to be obvious. They must have an intuition for people’s changing attitudes. For the reality in which they live, for their dreams, their desires, their worries, their needs, their living habits. They must also be able to assess realistically the opportunities and bounds of technology.",design,,Product Design,false,,attributed_unverified,,,,,false,
q_0144,"Sherlock Holmes, via Sir Conan Doyle",sherlock-holmes-via-sir-conan-doyle,"To a great mind, nothing is little.",design,observation; perception; awareness; details,Author,true,,attributed_unverified,,,,,false,
q_0145,Mahatma Gandhi,mahatma-gandhi,The weak can never forgive. Forgiveness is the attribute of the strong.,relationships,,Political Leader,true,,attributed_unverified,,,,,false,
q_0146,Mother Teresa,mother-teresa,Not all of us can do great things. But we can do small things with great love.,,,Christian,false,,attributed_unverified,,,,,false,
q_0147,"Chris Anderson, Infectious Generosity",chris-anderson-infectious-generosity,"Emotion, creativity, courage, collaboration and amplification are each powerful in their own right. In combination, they’re electrifying. They can provide the fuel needed for acts of kindness to be noticed and to spread waves of inspiration around the world.",,,Entrepreneur,false,,attributed_unverified,,,,,false,
q_0148,Fred Rogers,fred-rogers,"When I was a boy and I would see scary things in the news, my mother would say to me, ‘Look for the helpers. You will always find people who are helping.",insight,,Entertainer,true,,attributed_unverified,,,,,false,
q_0149,Carl Jung,carl-jung,"Until you make the unconscious conscious, it will rule your life and you will call it Fate.",,,Psychology,false,,attributed_unverified,,,,,false,
q_0150,"Rick Rubin, ""The Creative Act: A Way of Being.""",rick-rubin-the-creative-act-a-way-of-being,"Deepening our connection to nature will serve our spirit. And what serves our spirit invariably serves our artistic output. The closer we can get to the natural world, the sooner we start to realize we are not separate, and that when we create, we're not just expressing our unique individuality, but our seamless connection to an infinite oneness. There's a reason we're drawn to gazing at the ocean. It is said the ocean provides a closer reflection of who we are than any mirror.",creativity,,Artist,true,,attributed_unverified,,,,,false,
q_0151,"Dr. Martin Luther King, Jr.",dr-martin-luther-king-jr,I have decided to stick with love. Hate is too great a burden to bear.,insight,love; hate; decide; compassion,Christian,true,,attributed_unverified,,,,,false,
q_0152,"Dr. Martin Luther King, Jr.",dr-martin-luther-king-jr,"I am cognizant of the interrelatedness of all communities and states. I cannot sit idly by in Atlanta and not be concerned about what happens in Birmingham. Injustice anywhere is a threat to justice everywhere. We are caught in an inescapable network of mutuality, tied in a single garment of destiny. Whatever affects one directly, affects all indirectly.",insight,interconnectedness,Christian,false,,attributed_unverified,,,,,false,
q_0153,Voltaire,voltaire,It’s hard to free fools from the chains they revere.,,ignorance; attachment; confusion; limitation,Author,false,,attributed_unverified,,,,,false,
q_0154,"Dr. Martin Luther King, Jr.",dr-martin-luther-king-jr,Our lives begin to end the day we become silent about things that matter.,insight,end; silence,Christian,false,,attributed_unverified,,,,,false,
q_0155,"Dr. Martin Luther King, Jr.",dr-martin-luther-king-jr,"Darkness cannot drive out darkness; only light can do that. Hate cannot drive out hate; only love can do that. Hate multiplies hate, violence multiplies violence, and toughness multiplies toughness in a descending spiral of destruction... The chain reaction of evil – hate begetting hate, wars producing more wars – must be broken, or we shall be plunged into the darkness of annihilation.",insight,darkness; light; hate; love; violence; destruction; evil; war,Christian,false,,attributed_unverified,,,,,false,
q_0156,"Dr. Martin Luther King, Jr.",dr-martin-luther-king-jr,"… only when it is dark enough, can you see the stars.",insight,darkness; stars; light; vision,Christian,true,,attributed_unverified,,,,,false,
q_0158,Oscar Wilde,oscar-wilde,Some things are too important to be taken seriously.,humor,lightheartedness; perspective,Author,false,,attributed_unverified,,,,,false,
q_0159,Albert Einstein,albert-einstein,Creativity is intelligence having fun.,creativity,,Scientist,true,,likely_misattributed,,,,No evidence Einstein said this; earliest attributions appear decades after his death.,false,No evidence Einstein said this; earliest attributions appear decades after his death.
q_0160,Albert Einstein,albert-einstein,"The past, present and future are only illusions, even if stubborn ones.",insight,time,Scientist,false,,attributed_unverified,,,,,false,
q_0163,Agnes De Mille,agnes-de-mille,"Living is a form of not being sure, not knowing what next or how… The artist never entirely knows. We guess. We may be wrong, but we take leap after leap in the dark.",creativity,life; artist; wrong; leap; darkness; guess,"Dancer, Choreographer",false,,attributed_unverified,,,,,false,
q_0164,Carl R. Rogers,carl-r-rogers,The personal is the universal.,creativity,identity,Psychology,false,,attributed_unverified,,,,,false,
q_0165,Aldous Huxley,aldous-huxley,"After silence, that which comes nearest to expressing the inexpressible is music.",creativity,music,Author,false,,attributed_unverified,,,,,false,
q_0166,Alan Cohen,alan-cohen,"There is no purpose for your life greater than to recognize your own beauty, power, and worth, and to share it.",creativity,purpose; life; art; recognize; beauty; power; worth; share,Author,false,,attributed_unverified,,,,,false,
q_0167,Mahatma Gandhi,mahatma-gandhi,"You must not lose faith in humanity. Humanity is an ocean; if a few drops of the ocean are dirty, the ocean does not become dirty.",insight,human goodness,Political Leader,false,,attributed_unverified,,,,,false,
q_0168,Mahatma Gandhi,mahatma-gandhi,Live as if you were to die tomorrow. Learn as if you were to live forever.,,death-awareness; mortality; priorities,Political Leader,false,,likely_misattributed,,,,No Gandhi source; often attributed to him but origin is unclear (sometimes credited to James Dean).,false,No Gandhi source; often attributed to him but origin is unclear (sometimes credited to James Dean).
q_0169,Pablo Picasso,pablo-picasso,"The artist is a receptacle for emotions that come from all over the place: from the sky, from the earth, from a scrap of paper, from a passing shape, from a spider's web.",creativity,inspiration; openness,Artist,true,,attributed_unverified,,,,,false,
q_0170,Alan Watts,alan-watts,"When you don't name things any longer, you start seeing them.",insight,perception; naming; labeling; understanding,"Buddhism, Zen, Nondual",false,,attributed_unverified,,,,,false,
q_0175,Carl Jung,carl-jung,If we want to understand the psyche we have to include the whole world.,insight,,Psychology,false,,attributed_unverified,,,,,false,
q_0177,"Dr. Martin Luther King, Jr.",dr-martin-luther-king-jr,"Love is the most durable power in the world. This creative force, so beautifully exemplified in the life of our Christ, is the most potent instrument available in mankind’s quest for peace and security.",insight,conflict resolution,Christian,false,,attributed_unverified,,,,,false,
q_0178,Albert Einstein,albert-einstein,"The most beautiful thing we can experience is the mysterious. It is the source of all true art and science. He to whom the emotion is a stranger, who can no longer pause to wonder and stand wrapped in awe, is as good as dead; his eyes are closed. The insight into the mystery of life, coupled though it be with fear, has also given rise to religion. To know what is impenetrable to us really exists, manifesting itself as the highest wisdom and the most radiant beauty, which our dull faculties can comprehend only in their most primitive forms — this knowledge, this feeling is at the center of true religiousness.",creativity,mysterious; mystery; art; science; beauty; experience; true,Scientist,false,,attributed_unverified,,,,,false,
q_0179,Albert Einstein,albert-einstein,The best design is the simplest one that works.,design,function,Scientist,true,,likely_misattributed,,,,No Einstein source; appears to be a 21st-century design-industry invention.,false,No Einstein source; appears to be a 21st-century design-industry invention.
q_0180,Albert Einstein,albert-einstein,"Everything should be made as simple as possible, but not simpler.",design,simplicity,Scientist,false,,attributed_unverified,,,,,false,
q_0181,Maya Angelou,maya-angelou,"I’ve learned that people will forget what you said, people will forget what you did, but people will never forget how you made them feel.",design,experience,Author,false,,likely_misattributed,,,,Angelou did say something like this in interviews — exact wording varies; verify.,false,Angelou did say something like this in interviews — exact wording varies; verify.
q_0182,Peter Drucker (attributed with no evidence to Abraham Lincoln),peter-drucker-attributed-with-no-evidence-to-abraham-lincoln,The best way to predict the future is to create it.,business,creativity,Political Leader,true,,likely_misattributed,,,,Not Lincoln. Often attributed to Peter Drucker or Alan Kay.,false,Not Lincoln. Often attributed to Peter Drucker or Alan Kay.
q_0183,Agnes Repplier,agnes-repplier,"It is not easy to find happiness in ourselves, and it is not possible to find it elsewhere.",insight,happiness,Author,true,,attributed_unverified,,,,,false,
q_0184,Alan Cohen,alan-cohen,Keeping your commitment to your purpose does not depend on other people keeping theirs.,insight,commitment; purpose,Author,true,,attributed_unverified,,,,,false,
q_0185,Alan Cohen,alan-cohen,Happy people do not demand a lot from the world because their happiness proceeds from a place deeper than the world can touch.,insight,happiness; satisfaction; gratitude,Author,true,,attributed_unverified,,,,,false,
q_0186,Alan Watts,alan-watts,The individual is an aperture through which the whole energy of the universe is aware of itself.,insight,self; identity,"Buddhist, Zen",true,,attributed_unverified,,,,,false,
q_0187,Alan Watts,alan-watts,"The only way to make sense out of change is to plunge into it, move with it, and join the dance.",insight,,"Buddhist, Zen",true,,attributed_unverified,,,,,false,
q_0188,Albert Einstein,albert-einstein,"It’s not that I’m so smart, it’s just that I stay with problems longer.",insight,perseverance,Scientist,true,,attributed_unverified,,,,,false,
q_0189,Albert Einstein,albert-einstein,The measure of intelligence is the ability to change.,insight,,Scientist,true,,attributed_unverified,,,,,false,
q_0190,A Course in Miracles,a-course-in-miracles,"Seek not to change the world, but choose to change your mind about the world. What you see reflects your thinking. And your thinking but reflects your choice of what you want to see.",insight,vision; world; change; thinking; choice; reflection,,false,,attributed_unverified,,,,,false,
q_0191,A Course in Miracles,a-course-in-miracles,The ego is the mind's belief that it is completely on its own.,insight,ego; mind; alone,,false,,attributed_unverified,,,,,false,
q_0192,A Course in Miracles,a-course-in-miracles,You are free to believe what you choose and what you do attests to what you believe.,insight,freedom; belief; choice; action,,false,,attributed_unverified,,,,,false,
q_0193,Helen Keller,helen-keller,Alone we can do so little; together we can do so much.,business,collaboration; teamwork,,false,,attributed_unverified,,,,,false,
q_0194,Abraham Lincoln,abraham-lincoln,"Nearly all men can stand adversity, but if you want to test a man's character, give him power.",insight,character; adversity; power,Political Leader,false,,attributed_unverified,,,,,false,
q_0195,Abraham Maslow,abraham-maslow,You will either step forward in growth or you will step back into safety.,insight,growth; challenges,Psychology,false,,attributed_unverified,,,,,false,
q_0196,Abraham Maslow,abraham-maslow,One can choose to go back toward safety or forward toward growth. Growth must be chosen again and again; fear must be overcome again and again.,insight,choice; growth; fear,Psychology,false,,attributed_unverified,,,,,false,
q_0197,Abraham-Hicks,abraham-hicks,"The abundance flows in many more avenues than dollars. And so, if you could focus upon the gifts that the Universe gives you: When you say ""abundance"", think about it in the abundance of health, the abundance of vitality, the abundance of clarity, the abundance of enthusiasm, the abundance of delicious people in your life, the abundance of loving letters in your life. The abundance of free-flowing traffic in your life. The abundance of wonderful experiences in your life... As you start thinking in terms of this abundance that doesn't have anything to do with dollars - the abundance relative to the dollars starts flowing too.",insight,abundance; money; health; life; thought,,false,,attributed_unverified,,,,,false,
q_0198,Alan Cohen,alan-cohen,You do not need to import greatness from another; you just need to act on your own.,insight,action,Author,false,,attributed_unverified,,,,,false,
q_0199,Alan Cohen,alan-cohen,We believe we are hurt when we don't receive love. But that is not what hurts us. Our pain comes when we do not give love. We were born to love. You might say that we are divinely created love machines. We function most powerfully when we are giving love. The world has led us to believe that our well-being is dependent on other people loving us. But this is the kind of upside down thinking that has caused so many of our problems. The truth is our well-being is dependent on our giving love. It is not about what comes back; it is about what goes out.,insight,belief; love; giving,Author,false,,attributed_unverified,,,,,false,
q_0200,Alan Cohen,alan-cohen,"You can be helping many people, but if you are not helping yourself, you have missed the one person you were born to heal.",insight,help; heal; self,Author,false,,attributed_unverified,,,,,false,
q_0201,Alan Cohen,alan-cohen,To seek greatness outside yourself is turn your back on the treasure within.,insight,self,Author,false,,attributed_unverified,,,,,false,
q_0202,Alan Cohen,alan-cohen,"Take care what words you speak that follow ""I am."" In so speaking you create your life.",insight,creation; life; self; speech,Author,false,,attributed_unverified,,,,,false,
q_0203,Alan Cohen,alan-cohen,Today's thoughts are previews of coming attractions.,insight,thought; future,Author,false,,attributed_unverified,,,,,false,
q_0204,Alan Cohen,alan-cohen,The quality of your life equals the ratio of appreciation to complaint.,insight,life; appreciation; complaint,Author,false,,attributed_unverified,,,,,false,
q_0205,Alan Cohen,alan-cohen,Why wait for your ship to come in when you are already on it?,insight,waiting; ship,Author,false,,attributed_unverified,,,,,false,
q_0206,Alan Cohen,alan-cohen,Observe the direct connection between practicing trust and serendipitous events that follow.,insight,trust; serendipity; observation; practice,Author,false,,attributed_unverified,,,,,false,
q_0207,Alan Cohen,alan-cohen,"People who do not need to please are irresistible because they radiate wholeness, a rare delicacy in a world of hungry hearts.",insight,hunger; heart; wholeness,Author,false,,attributed_unverified,,,,,false,
q_0208,Alan Cohen,alan-cohen,"If you are going to retire from anything, retire from fear and illusion.",insight,letting go; fear; illusion,Author,false,,attributed_unverified,,,,,false,
q_0209,Alan Watts,alan-watts,"Paradoxical as it may seem, the purposeful life has no content, no point. It hurries on and on, and misses everything. Not hurrying, the purposeless life misses nothing, for it is only when there is no goal and no rush that the human senses are fully open to receive the world.",insight,,"Buddhist, Zen",false,,attributed_unverified,,,,,false,
q_0210,Alan Watts,alan-watts,Trying to define yourself is like trying to bite your own teeth.,insight,self; thinking; understanding; teeth; zen,"Buddhist, Zen",false,,attributed_unverified,,,,,false,
q_0211,Albert Camus,albert-camus,"In the midst of winter, I found there was within me, an invincible summer.",insight,discover; winter; summer; self,Philosopher,false,,attributed_unverified,,,,,false,
q_0212,Albert Camus,albert-camus,"I enjoyed my own nature to the fullest, and we all know that there lies happiness although, to sooth one another mutually, we occasionally pretend to condemn such joys as selfishness.",insight,enjoyment; self; selfish; happiness,Philosopher,false,,attributed_unverified,,,,,false,
q_0213,Albert Einstein,albert-einstein,We cannot solve our problems with the same thinking we used when we created them.,insight,problem-solving,Scientist,false,,attributed_unverified,,,,,false,
q_0214,Albert Einstein,albert-einstein,"If you can't explain it simply, you don't understand it well enough.",insight,simplicity; understanding,Scientist,false,,attributed_unverified,,,,,false,
q_0215,Albert Einstein,albert-einstein,"Out of clutter, find simplicity. From discord, find harmony. In the middle of difficulty lies opportunity.",insight,harmony; simplicity; difficulty; opportunity,Scientist,false,,attributed_unverified,,,,,false,
q_0216,Albert Einstein,albert-einstein,"If you judge a fish by its ability to climb a tree, it will think it’s stupid.",insight,intelligence; unique,Scientist,false,,attributed_unverified,,,,,false,
q_0217,Alan Cohen,alan-cohen,A great relationship is not something that happens to you. It is something you choose.,relationships,love; choice,Author,true,,attributed_unverified,,,,,false,
q_0218,Aart Van Der Leeuw,aart-van-der-leeuw,The mystery of life is not a problem to be solved but a reality to be experienced.,spirit,mystery; life; problem; reality; experience,,true,,attributed_unverified,,,,,false,
q_0219,Alan Cohen,alan-cohen,The world would have you agree with its dismal dream of limitation. But the light would have you soar like the eagle of your sacred visions.,spirit,world; perception; limitation; light; fly; soar; bird; sacred; vision,Author,true,,attributed_unverified,,,,,false,
q_0220,Alan Watts,alan-watts,Everybody is ‘you’. Everybody is ‘I’. That’s our name. We all share that.,spirit,self; identity,"Buddhist, Zen",true,,attributed_unverified,,,,,false,
q_0221,Albert Camus,albert-camus,I was absent at the moment I took up the most space.,spirit,self; space; vast; emptiness,,true,,attributed_unverified,,,,,false,
q_0222,Abraham Lincoln,abraham-lincoln,"Without the assistance of the Divine Being, I cannot succeed. With that assistance, I cannot fail.",spirit,assistance; help; divine; god; being; success; failure,Political Leader,false,,attributed_unverified,,,,,false,
q_0223,Abraham Lincoln,abraham-lincoln,"When I do good, I feel good. When I do bad, I feel bad. That's my religion.",spirit,good; bad; action; religion; feelings,Political Leader,false,,attributed_unverified,,,,,false,
q_0224,Adept Godrakpa,adept-godrakpa,Body impermanent like spring mist; mind insubstantial like empty sky; thoughts unestablished like breezes in space. Think about these three points over and over.,spirit,impermanence; mind; empty; sky; thoughts; breeze; space; think; emptiness; spring; mist,,false,,attributed_unverified,,,,,false,
q_0225,Alan Cohen,alan-cohen,Being self-centered is healthy if you know who is the self you are centered in.,spirit,self; knowledge; center; awareness; perception,Author,false,,attributed_unverified,,,,,false,
q_0226,Alan Cohen,alan-cohen,"Because God is real, the more real you are, the more you are like God.",spirit,god; truth; self; authenticity,Author,false,,attributed_unverified,,,,,false,
q_0227,Alan Cohen,alan-cohen,"You can't get a right brain answer to a left brain question. Ask your heart, not your mind.",spirit,brain; question; answer; ask; heart; mind,Author,false,,attributed_unverified,,,,,false,
q_0228,Alan Cohen,alan-cohen,Love is natural. Cynicism is learned. Come home.,spirit,cynicism; love; home; natural,Author,false,,attributed_unverified,,,,,false,
q_0229,Alan Cohen,alan-cohen,The first step to waking up is the discovery that you have been asleep.,spirit,awaken; sleep; discovery; perception,Author,false,,attributed_unverified,,,,,false,
q_0230,Alan Cohen,alan-cohen,The inferior teacher tells you that something is wrong with you and offers to fix it. The superior teacher tells you that something is right with you and helps you bring it forth.,spirit,wrong; teacher; right; support; help; self; inferior; superior,Author,false,,attributed_unverified,,,,,false,
q_0231,Alan Cohen,alan-cohen,Enlightenment does not ask you to be perfect; it simply asks you to find perfection right where you stand.,spirit,enlightenment; perfection; presence; stand; ask,Author,false,,attributed_unverified,,,,,false,
q_0232,Alan Watts,alan-watts,"Nothing is exactly as it seems, nor is it otherwise.",spirit,perception,"Buddhist, Zen",false,,attributed_unverified,,,,,false,
q_0234,Abraham Lincoln,abraham-lincoln,Always bear in mind that your own resolution to succeed is more important than any one thing.,business,success; determination,Political Leader,false,,attributed_unverified,,,,,false,
q_0235,Albert Einstein,albert-einstein,"There is no logical way to the discovery of elemental laws. There is only the way of intuition, which is helped by a feeling for the order lying behind the appearance.",spirit,intuition; discovery; laws; feeling; order; appearances; logic; elemental,Scientist,false,,attributed_unverified,,,,,false,
q_0236,Alan Watts,alan-watts,"The mind, when it is the proper state, is ready to respond in any direction.",,alert; responsiveness,"Buddhist, Zen",false,,attributed_unverified,,,,,false,
q_0237,Albert Einstein,albert-einstein,"If at first the idea is not absurd, then there is no hope for it.",,,"Scientist, Theoretical Physicist",false,,attributed_unverified,,,,,false,
q_0238,Albert Einstein,albert-einstein,"At such moments one imagines that one stands on some spot of a small planet gazing in amazement at the cold and yet profoundly moving beauty of the eternal, the unfathomable. Life and death flow into one, and there is neither evolution nor eternity, only being.",insight,evolution; life; being; beauty; mystery,"Scientist, Theoretical Physicist",false,,attributed_unverified,,,,,false,
q_0239,Albert Einstein,albert-einstein,It is better to believe than to disbelieve; in so doing you bring everything to the realm of possibility.,insight,belief,"Scientist, Theoretical Physicist",false,,attributed_unverified,,,,,false,
q_0240,Albert Einstein,albert-einstein,Nothing truly valuable arises from ambition or from a mere sense of duty; it stems rather from love and devotion towards men and towards objective things.,insight,love; devotion,"Scientist, Theoretical Physicist",true,,attributed_unverified,,,,,false,
q_0241,Albert Einstein,albert-einstein,"We should take care not to make the intellect our god; it has, of course, powerful muscles, but no personality.",insight,thought; god; intellect; muscle; personality,"Scientist, Theoretical Physicist",false,,attributed_unverified,,,,,false,
q_0242,Albert Einstein,albert-einstein,The world we have created is a product of our thinking; it cannot be changed without changing our thinking.,insight,change; thinking; world,"Scientist, Theoretical Physicist",false,,attributed_unverified,,,,,false,
q_0243,Albert Einstein,albert-einstein,The significant problems we face cannot be solved at the same level of thinking we were at when we created them.,insight,thinking; change; problems,"Scientist, Theoretical Physicist",true,,attributed_unverified,,,,,false,
q_0244,Albert Einstein,albert-einstein,Whoever undertakes to set himself up as a judge of Truth and Knowledge is shipwrecked by the laughter of the Gods.,insight,truth; knowledge; god,"Scientist, Theoretical Physicist",false,,attributed_unverified,,,,,false,
q_0245,Albert Einstein,albert-einstein,It is every man’s obligation to put back into the world at least the equivalent of what he takes out of it.,insight,giving; world,"Scientist, Theoretical Physicist",false,,attributed_unverified,,,,,false,
q_0246,Albert Einstein,albert-einstein,"There are only two ways to live your life: One is as though nothing is a miracle, the other is as though everything is a miracle. I believe in the latter.",insight,miracle; belief; life,"Scientist, Theoretical Physicist",false,,likely_misattributed,,,,No Einstein source; widely debunked.,false,No Einstein source; widely debunked.
q_0247,Albert Einstein,albert-einstein,There is hardly a simpler law in physics than that according to which light is propagated in empty space.,insight,light; physics; law,"Scientist, Theoretical Physicist",false,,attributed_unverified,,,,,false,
q_0248,Albert Einstein,albert-einstein,Peace cannot be kept by force. It can only be achieved by understanding.,insight,peace; understanding,"Scientist, Theoretical Physicist",false,,attributed_unverified,,,,,false,
q_0249,Albert Einstein,albert-einstein,"As far as the laws of mathematics refer to reality, they are not certain. As far as they are certain, they do not refer to reality.",insight,laws; mathematics; reality; certainty,"Scientist, Theoretical Physicist",false,,attributed_unverified,,,,,false,
q_0250,Albert Einstein,albert-einstein,Logic will get you from A to B. Imagination will take you everywhere.,insight,logic; imagination,"Scientist, Theoretical Physicist",true,,attributed_unverified,,,,,false,
q_0251,Albert Einstein,albert-einstein,Nothing will benefit human health and increase the chances for survival of life on Earth as much as the evolution to a vegetarian diet.,insight,vegetarian; health; survival; earth; evolution; animals; food,"Scientist, Theoretical Physicist",false,,attributed_unverified,,,,,false,
q_0252,Albert Einstein,albert-einstein,It is the supreme art of the teacher to awaken joy in creative expression and knowledge.,insight,teacher; joy; knowledge; expression,"Scientist, Theoretical Physicist",false,,attributed_unverified,,,,,false,
q_0253,Albert Einstein,albert-einstein,When you’re courting a nice girl an hour seems like a second. When you sit on a red-hot cinder a second seems like an hour. That’s relativity.,insight,relativity; physics; science; time,"Scientist, Theoretical Physicist",false,,attributed_unverified,,,,,false,
q_0254,Albert Einstein,albert-einstein,Perfection of means and confusion of goals seem - in my opinion - to characterize our age.,insight,perfection; means; goals; confusion; era,"Scientist, Theoretical Physicist",false,,attributed_unverified,,,,,false,
q_0255,Albert Einstein,albert-einstein,Great spirits have always encountered violent opposition from mediocre minds.,insight,spirit; mind; opposition; violence,"Scientist, Theoretical Physicist",false,,attributed_unverified,,,,,false,
q_0256,Albert Einstein,albert-einstein,"Any fool can make things bigger, more complex, and more violent. It takes a touch of genius - and a lot of courage – to move in the opposite direction.",creativity,fool; courage; violence; genius,"Scientist, Theoretical Physicist",false,,attributed_unverified,,,,,false,
q_0257,Albert Einstein,albert-einstein,I want to know the thoughts of God; the rest are details.,creativity,thoughts; god; details; desire,"Scientist, Theoretical Physicist",false,,attributed_unverified,,,,,false,
q_0258,Albert Einstein,albert-einstein,"When I examine myself and my methods of thought, I come to the conclusion that the gift of fantasy has meant more to me than my talent for absorbing positive knowledge.",creativity,imagination; thought; gift; fantasy; talent; knowledge; positive; examination; self; reflection,"Scientist, Theoretical Physicist",false,,attributed_unverified,,,,,false,
q_0259,Albert Einstein,albert-einstein,I never came upon any of my discoveries through the process of rational thinking.,creativity,rational; thinking; discovery,"Scientist, Theoretical Physicist",false,,attributed_unverified,,,,,false,
q_0260,Albert Einstein,albert-einstein,"A human being is a part of a whole, called by us universe, a part limited in time and space. He experiences himself, his thoughts and feelings as something separated from the rest... a kind of optical delusion of his consciousness. This delusion is a kind of prison for us, restricting us to our personal desires and to affection for a few persons nearest to us. Our task must be to free ourselves from this prison by widening our circle of compassion to embrace all living creatures and the whole of nature in its beauty.",spirit,human; whole; universe; time; space; experience; self; thought; feeling; separate; illusion; consciousness; delusion; prison; desire; affection; people; near; task; freedom; circle; compassion; embrace; life; animals; nature; beauty; perception,"Scientist, Theoretical Physicist",true,,attributed_unverified,,,,,false,
q_0261,Albert Einstein,albert-einstein,I feel myself so much a part of all life that I am not in the least concerned with the beginning or the end of the concrete existence of any particular person in this unending stream.,spirit,life; connection; beginning; end; existence; person; stream; endless; feeling; mystical,"Scientist, Theoretical Physicist",false,,attributed_unverified,,,,,false,
q_0262,Albert Einstein,albert-einstein,"A person experiences life as something separated from the rest - a kind of optical delusion of consciousness. Our task must be to free ourselves from this self-imposed prison, and through compassion, to find the reality of oneness.",spirit,oneness; unity; perception; task; liberate; free; prison; compassion; life; separation; sight; delusion,"Scientist, Theoretical Physicist",true,,attributed_unverified,,,,,false,
q_0263,Albert Einstein,albert-einstein,All I want to do is learn to think like God thinks. All the other things are just details.,spirit,learn; think; thought; god; purpose; science; learning,"Scientist, Theoretical Physicist",false,,attributed_unverified,,,,,false,
q_0264,Albert Einstein,albert-einstein,My religion consists of a humble admiration of the illimitable superior spirit who reveals himself in the slight details we are able to perceive with our frail and feeble mind.,spirit,mind; spirit; details; perception; mystical; vast,"Scientist, Theoretical Physicist",false,,attributed_unverified,,,,,false,
q_0265,Albert Einstein,albert-einstein,"Every one who is seriously involved in the pursuit of science becomes convinced that a spirit is manifest in the laws of the Universe - a spirit vastly superior to that of man, and one in the face of which we with our modest powers must feel humble.",spirit,science; laws; universe; vast; power; humble; divine,"Scientist, Theoretical Physicist",false,,attributed_unverified,,,,,false,
q_0266,Albert Einstein,albert-einstein,"The scientists’ religious feeling takes the form of a rapturous amazement at the harmony of natural law, which reveals an intelligence of such superiority that, compared with it, all the systematic thinking and acting of human beings is an utterly insignificant reflection.",spirit,science; scientist; religion; feeling; law; intelligence; divine; human; vast; thinking; thought; reflection,"Scientist, Theoretical Physicist",true,,attributed_unverified,,,,,false,
q_0267,Albert Einstein,albert-einstein,The intuitive mind is a sacred gift and the rational mind is a faithful servant. We have created a society that honors the servant and has forgotten the gift.,spirit,intuition; mind; gift; sacred; servant; forget; society; confusion,"Scientist, Theoretical Physicist",true,,attributed_unverified,,,,,false,
q_0268,Albert Einstein,albert-einstein,"When the solution is simple, God is answering.",spirit,god; solution; problem; answer,"Scientist, Theoretical Physicist",false,,attributed_unverified,,,,,false,
q_0269,Albert Einstein,albert-einstein,"The human mind is not capable of grasping the Universe. We are like a little child entering a huge library. The walls are covered to the ceilings with books in many different tongues. The child knows that someone must have written these books. It does not know who or how. It does not understand the languages in which they are written. But the child notes a definite plan in the arrangement of the books—-a mysterious order which it does not comprehend, but only dimly suspects.",spirit,mind; universe; child; library; books; language; written; plan; order; human; understand; guess,"Scientist, Theoretical Physicist",false,,attributed_unverified,,,,,false,
q_0270,Albert Einstein,albert-einstein,"What I see in Nature is a magnificent structure that we can comprehend only very imperfectly, and that must fill a thinking person with a feeling of humility. This is a genuinely religious feeling…",spirit,nature; imperfect; understand; thought; person; humility; religious; divine; order,"Scientist, Theoretical Physicist",false,,attributed_unverified,,,,,false,
q_0271,Albert Einstein,albert-einstein,"True religion is real living; living with all one’s soul, with all one’s goodness and righteousness.",spirit,religion; true; living; life; soul; good; embody,"Scientist, Theoretical Physicist",false,,attributed_unverified,,,,,false,
q_0272,Albert Einstein,albert-einstein,"The finest emotion of which we are capable is the mystic emotion. Herein lies the germ of all art and all true science. Anyone to whom this feeling is alien, who is no longer capable of wonderment and lives in a state of fear is a dead man. To know that what is impenetrable for us really exists and manifests itself as the highest wisdom and the most radiant beauty, whose gross forms alone are intelligible to our poor faculties - this knowledge, this feeling ... that is the core of the true religious sentiment. In this sense, and in this sense alone, I rank myself among profoundly religious men.",spirit,mystic; emotion; feeling; art; science; wonder; fear; dead; manifest; wisdom; beauty; radiant; knowledge; religious,"Scientist, Theoretical Physicist",true,,attributed_unverified,,,,,false,
q_0273,Albert Einstein,albert-einstein,The high destiny of the individual is to serve rather than to rule.,relationships,destiny; love; rule; serve; service; high,"Scientist, Theoretical Physicist",false,,attributed_unverified,,,,,false,
q_0274,Albert Hoffman,albert-hoffman,"I share the belief of many of my contemporaries that the spiritual crisis pervading all spheres of Western industrial society can be remedied only by a change in our world view. We shall have to shift from the materialistic, dualistic belief that people and their environment are separate, toward a new consciousness of an all-encompassing reality, which embraces the experiencing ego, a reality in which people feel their oneness with animate nature and all of creation.",spirit,nonduality; gaia; psychedelics; lsd,"Scientist, Chemist",false,,attributed_unverified,,,,,false,
q_0275,Albert Schweitzer,albert-schweitzer,The greatest discovery of any generation is that human beings can alter their lives by altering the attitudes of their minds.,insight,discovery; life; mind,Philosopher,false,,attributed_unverified,,,,,false,
q_0276,Albert Schweitzer,albert-schweitzer,"A man is ethical only when life, as such, is sacred to him, that of plants and animals as well as that of his fellow man, and when he devotes himself helpfully to all life that is in need of help.",insight,ethics; sacred; nature; devotion; life; help,Philosopher,false,,attributed_unverified,,,,,false,
q_0277,Albert Schweitzer,albert-schweitzer,"I do not know what path in life you will take, but I do know this: If on that path you do not find a way to serve, you will never be happy.",relationships,giving; service; path; life; happiness,Philosopher,false,,attributed_unverified,,,,,false,
q_0278,Albert Schweitzer,albert-schweitzer,"In everyone's life, at some time, our inner fire goes out. It is then burst into flame by an encounter with another human being. We should all be thankful for those people who rekindle the inner spirit.",relationships,life; fire; flame; inner; human; spirit; self,Philosopher,false,,attributed_unverified,,,,,false,
q_0279,Albert von Szent-Gyorgy,albert-von-szent-gyorgy,Discovery consists of seeing what everybody has seen and thinking what nobody has thought.,creativity,discover; see; thought; nobody,"Scientist, Biochemist",false,,attributed_unverified,,,,,false,
q_0280,Aldous Huxley,aldous-huxley,"People don't grow old. When they stop growing, they become old.",insight,growth; time,Author,false,,attributed_unverified,,,,,false,
q_0281,Aldous Huxley,aldous-huxley,It is a bit embarrassing to have been concerned with the human problem all one's life and find at the end that one has no more to offer by way of advice than 'try to be a little kinder.',insight,kindness; life; advice,Author,false,,attributed_unverified,,,,,false,
q_0282,Aldous Huxley,aldous-huxley,Experience is not what happens to you. It is what you do with what happens to you.,insight,experience; action; perception,Author,false,,attributed_unverified,,,,,false,
q_0283,Aldous Huxley,aldous-huxley,That men do not learn very much from the lessons of history is the most important of all the lessons of history.,insight,learning; history; ignorance,Author,false,,attributed_unverified,,,,,false,
q_0284,Aldous Huxley,aldous-huxley,"The nature of the universe is such that ends can never justify the means. On the contrary, the means always determine the end.",business,universe; ends; means; action; causality,Author,false,,attributed_unverified,,,,,false,
q_0285,Alex Grey,alex-grey,Art is an echo of the creative force that birthed Galaxies. Creativity is the way that the cosmos evolves and communicates with itself. The great uplifting of humanity beyond its self destruction is the redemptive mission of art.,creativity,,Artist,true,,attributed_unverified,,,,,false,
q_0286,Alexander Dumas,alexander-dumas,"All generalizations are dangerous, even this one.",insight,thinking,"Author, French",false,,attributed_unverified,,,,,false,
q_0287,Alexander Dumas,alexander-dumas,A person who doubts himself is like a man who would enlist in the ranks of his enemies and bear arms against himself. He makes his failure certain by himself being the first person to be convinced of it.,insight,failure; doubt,"Author, French",false,,attributed_unverified,,,,,false,
q_0288,Alexander Graham Bell,alexander-graham-bell,What this power is I cannot say; all I know is that it exists and it becomes available only when a man is in that state of mind in which he knows exactly what he wants and is fully determined not to quit until he finds it.,business,power; person; mind; knowledge; determination; perseverance; quit; discovery,Inventor,false,,attributed_unverified,,,,,false,
q_0289,Alexander Isley,alexander-isley,Get in over your head as often and as joyfully as possible.,business,ambition; creative process; creativity,Designer,false,,attributed_unverified,,,,,false,
q_0290,Alexander Pope,alexander-pope,Some people will never learn anything… because they understand everything too soon.,insight,learning; understanding; patience,"Poet, English",false,,attributed_unverified,,,,,false,
q_0291,Alexander Pope,alexander-pope,"To err is human; to forgive, divine.",relationships,forgiveness; error; mistakes; divine,"Poet, English",false,,attributed_unverified,,,,,false,
q_0292,Alexander Solzhenitsyn,alexander-solzhenitsyn,If only there were evil people somewhere insidiously committing evil deeds and it were necessary only to separate them from the rest of us and destroy them. But the line dividing good and evil cuts through the heart of every human being. And who is willing to destroy a piece of his own heart?,insight,evil; heart; destroy; death; good,"Author, Russian",true,,attributed_unverified,,,,,false,
q_0293,Alfred North Whitehead,alfred-north-whitehead,All truths are half-truths.,insight,truth,Philosopher,false,,attributed_unverified,,,,,false,
q_0294,Alfred North Whitehead,alfred-north-whitehead,Art flourishes when there is a sense of adventure.,creativity,art; artist; adventure; flourish,Philosopher,false,,attributed_unverified,,,,,false,
q_0295,Alfred North Whitehead,alfred-north-whitehead,I used to be an atheist until I realized I am god.,spirit,god; atheism; self; awareness,Philosopher,true,,attributed_unverified,,,,,false,
q_0296,Alice Walker,alice-walker,"The animals of the world exist for their own reasons. They were not made for humans any more than black people were made for white, or women created for men.",insight,animals; existence; humans,Author,false,,attributed_unverified,,,,,false,
q_0297,Alice Walker,alice-walker,Being happy is not the only happiness.,insight,happiness,Author,false,,attributed_unverified,,,,,false,
q_0298,Alice Walker,alice-walker,"Anybody can observe the Sabbath, but making it holy surely takes the rest of the week.",insight,religion; holy; time; practice,Author,false,,attributed_unverified,,,,,false,
q_0299,Alice Walker,alice-walker,The most common way people give up their power is by thinking they don't have any.,insight,power; perception,Author,false,,attributed_unverified,,,,,false,
q_0300,Alina Wheeler,alina-wheeler,Design is intelligence made visible.,design,,Author,false,,attributed_unverified,,,,,false,
q_0301,Allyson Jones,allyson-jones,"If I could wish for my life to be perfect, it would be tempting, but I would have to decline, for life would no longer teach me anything.",insight,life; perfection; learning,,false,,attributed_unverified,,,,,false,
q_0302,Alvin Toffler,alvin-toffler,"The illiterate of the 21st century will not be those who cannot read and write, but those who cannot learn, unlearn, and relearn.",business,learning,,false,,attributed_unverified,,,,,false,
q_0303,Amelia Earhart,amelia-earhart,"The most difficult thing is the decision to act, the rest is merely tenacity. The fears are paper tigers. You can do anything you decide to do. You can act to change and control your life; and the procedure, the process is its own reward.",insight,action; fear; change; life; process; success; reward,Explorer,false,,attributed_unverified,,,,,false,
q_0304,Amelia Earhart,amelia-earhart,"No kind action ever stops with itself. One kind action leads to another. Good example is followed. A single act of kindness throws out roots in all directions, and the roots spring up and make new trees. The greatest work that kindness does to others is that it makes them kind themselves.",insight,action; example; good; kindness; roots; trees; self,Explorer,true,,attributed_unverified,,,,,false,
q_0305,Amelia Earhart,amelia-earhart,Of course I realized there was a measure of danger. Obviously I faced the possibility of not returning when first I considered going. Once faced and settled there really wasn't any good reason to refer to it.,insight,danger; possibility; fear,Explorer,false,,attributed_unverified,,,,,false,
q_0306,Amelia Earhart,amelia-earhart,Never interrupt someone doing what you said couldn't be done.,insight,action; impossible,Explorer,false,,attributed_unverified,,,,,false,
q_0307,Anais Nin,anais-nin,"We don’t see things as they are, we see things as we are.",insight,perception; vision; projection,Author,true,,attributed_unverified,,,,,false,
q_0308,Anais Nin,anais-nin,"The dream was always running ahead of me. To catch up, to live for a moment in unison with it, that was the miracle.",insight,dream; miracle,Author,false,,attributed_unverified,,,,,false,
q_0309,Anais Nin,anais-nin,There came a time when the risk to remain tight in the bud was more painful than the risk it took to blossom.,insight,flower; bloom; pain; risk; time,Author,false,,attributed_unverified,,,,,false,
q_0310,Anais Nin,anais-nin,Life shrinks or expands in proportion to one's courage.,insight,life; expansion; courage; shrink,Author,true,,attributed_unverified,,,,,false,
q_0311,Anais Nin,anais-nin,"We write to taste life twice, in the moment, and in retrospection.",creativity,writing; life; taste,Author,false,,attributed_unverified,,,,,false,
q_0312,André Breton,andré-breton,"Beauty is convulsive, or not at all.",creativity,beauty; art; feeling,"Author, French",false,,attributed_unverified,,,,,false,
q_0313,Andre Gide,andre-gide,One doesn't discover new lands without consenting to lose sight of the shore for a very long time.,insight,discovery,"Author, French",false,,attributed_unverified,,,,,false,
q_0314,Andre Gide,andre-gide,Man cannot discover new oceans unless he has the courage to lose sight of the shore.,insight,discovery; ocean; courage,"Author, French",false,,attributed_unverified,,,,,false,
q_0315,Andre Gide,andre-gide,"Look for your own. Do not do what someone else could do as well as you. Do not say, do not write what someone else could say, could write as well as you. Care for nothing in yourself but what you feel exists nowhere else, and out of your self create, impatiently or patiently... the most irreplaceable of things.",creativity,individuality; unique; action; writing; self; nothing; creation,"Author, French",false,,attributed_unverified,,,,,false,
q_0316,Andrew Grove,andrew-grove,"How well we communicate is determined not by how well we say things, but how well we are understood.",communication,,,false,,attributed_unverified,,,,,false,
q_0317,Andrew Harvey,andrew-harvey,"All major mystical traditions have recognized that there is a paradox at the heart of the journey of return to Origin.... Put simply, this is that we are already what we seek, and that what we are looking for on the Path with such an intensity of striving and passion and discipline is already within and around us at all moments. The journey and all its different ordeals are all emanations of the One Spirit that is manifesting everything in all dimensions; every rung of the ladder we climb toward final awareness is made of the divine stuff of awareness itself; Divine Consciousness is at once creating and manifesting all things and acting in and as all things in various states of self-disguise throughout all the different levels and dimensions of the universe.",spirit,mystical; universe; paradox; heart; journey; being; self; seeking; look; path; passion; striving; discipline; within; time; manifest; realms; ladder; climb; awareness; divine; disguise; creation; creativity; origin; oneness; unity,"Author, British",false,,attributed_unverified,,,,,false,
q_0318,Andrew Jackson,andrew-jackson,One man with courage makes a majority.,business,courage; person; majority,Political Leader,false,,attributed_unverified,,,,,false,
q_0319,Andrew Schneider,andrew-schneider,When we are conscious of our personal uniqueness and our universal nature we express ourselves creatively. In this way we fulfill our dreams and our life purpose.,insight,consciousness; creativity; dream; life; purpose,Screenwriter,false,,attributed_unverified,,,,,false,
q_0320,Andrew Schneider,andrew-schneider,"There is one thing that all true spirituality has in common, whether that spirituality is derived from faith, from science, from nature or from the arts – a sense of wonder.",spirit,wonder; spirituality; similarity; faith; science; religion; nature; art,Screenwriter,false,,attributed_unverified,,,,,false,
q_0322,Angela Monet,angela-monet,And those who were seen dancing were thought to be insane by those who could not hear the music.,creativity,dance; music; crazy; insane; perception,,false,,attributed_unverified,,,,,false,
q_0323,Angeles Arrien,angeles-arrien,"In the sweet territory of silence we touch the mystery. It’s the place of reflection and contemplation, and it’s the place where we can connect with the deep knowing, to the deep wisdom way.",creativity,mystery; reflection; contemplation; deep; knowing; wisdom; silence; touch,,false,,attributed_unverified,,,,,false,
q_0324,Angelus Silesius,angelus-silesius,"God, whose love and joy are present everywhere, can't come to visit you unless you aren't there.",spirit,god; self; presence,,false,,attributed_unverified,,,,,false,
q_0325,Anne Frank,anne-frank,No one has ever become poor by giving.,relationships,giving; wealth; service; poverty,,false,,attributed_unverified,,,,,false,
q_0326,Anne Lamott,anne-lamott,Discipline has been my path to freedom.,,,,false,,attributed_unverified,,,,,false,
q_0327,Anne Sophie Swetchine,anne-sophie-swetchine,There is a transcendent power in example. We reform others unconsciously when we walk uprightly.,relationships,example; embody; power; transcendent; change; transform; walk,,false,,attributed_unverified,,,,,false,
q_0328,Anon.,anon,"Success is what happens when 10,000 hours of preparation meet with one moment of opportunity.",business,success; preparation; opportunity,,true,,attributed_unverified,,,,,false,
q_0329,Anonymous Hopi Elder,anonymous-hopi-elder,You have been telling people that this is the 'Eleventh Hour.' Now you must go back and tell the people that it is 'The Hour.' And there are things to be considered: Where are you living? What are you doing? Are you in the right relations? Where is your water? Know your garden. It is time to speak your truth! Create your community. Be good to each other. And do not look outside yourself for the leader!,insight,leadership; time; life; truth; garden; community; action,Native American,false,,attributed_unverified,,,,,false,
q_0330,Anonymous six year old child,anonymous-six-year-old-child,"I never make mistakes. Once I thought I did, but I was wrong.",humor,mistake; error; wrong; humor,,false,,attributed_unverified,,,,,false,
q_0331,Ansel Adams,ansel-adams,"You don’t take a photograph, you make it.",creativity,photographer; photograph; artist; create,"Photographer, Aritst",false,,attributed_unverified,,,,,false,
q_0332,Ansel Adams,ansel-adams,Twelve significant photographs in any one year is a good crop.,creativity,photographer; photograph; artist; create,"Photographer, Aritst",false,,attributed_unverified,,,,,false,
q_0333,Ansel Adams,ansel-adams,"There are no rules for good photographs, there are only good photographs.",creativity,photography; photographs; good; rules,"Photographer, Aritst",false,,attributed_unverified,,,,,false,
q_0334,Ansel Adams,ansel-adams,There is nothing worse than a sharp image of a fuzzy concept.,creativity,focus; concept; sharp; art,"Photographer, Aritst",false,,attributed_unverified,,,,,false,
q_0335,Anthony Jay,anthony-jay,"The uncreative mind can spot wrong answers, but it takes a very creative mind to spot wrong questions.",creativity,creative; mind; questions; answers; perceive,,false,,attributed_unverified,,,,,false,
q_0336,Anthony Robbins,anthony-robbins,"It is not what we get. But who we become, what we contribute... that gives meaning to our lives.",relationships,give; contribute; service; meaning; life; receive,,false,,attributed_unverified,,,,,false,
q_0337,Antoine de Saint-Exupery,antoine-de-saint-exupery,"Perfection is achieved not when there is nothing more to add, but when there is nothing left to take away.",design,,"Author, French",true,,attributed_unverified,,,,,false,
q_0338,Antoine de Saint-Exupery,antoine-de-saint-exupery,"If you want to build a ship, don't drum up people together to collect wood and don't assign them tasks and work, but rather teach them to long for the sea.",business,creation; ship; build; wood; action; leadership; desire; sea; ocean; teach,"Author, French",true,,attributed_unverified,,,,,false,
q_0339,Antoine de Saint-Exupery,antoine-de-saint-exupery,It is only with the heart that one can see rightly; what is essential is invisible to the eye.,insight,vision; eye; sight; heart; essence; invisible,"Author, French",true,,attributed_unverified,,,,,false,
q_0340,Antonio Gramsci,antonio-gramsci,We must fight the pessimism of the intellect with the optimism of the will.,insight,pessimism; optimism; will,,false,,attributed_unverified,,,,,false,
q_0341,Archimedes,archimedes,"Give me a place to stand and a long enough lever, and I will move the world.",business,world; move; change; power,,false,,attributed_unverified,,,,,false,
q_0342,Arduna Ardagh,arduna-ardagh,"With internal spaciousness, feelings happen within you rather than to you.",insight,feelings; emotions,,false,,attributed_unverified,,,,,false,
q_0343,Arland Gilbert,arland-gilbert,"When we accept tough jobs as a challenge and wade into them with joy and enthusiasm, miracles can happen.",insight,acceptance; joy; miracles,,false,,attributed_unverified,,,,,false,
q_0344,Arnold Bennett,arnold-bennett,"There can be no knowledge without emotion. We may be aware of a truth, yet until we have felt its force, it is not ours. To the cognition of the brain must be added the experience of the soul.",insight,truth; soul,,false,,attributed_unverified,,,,,false,
q_0345,Arnold Glascow,arnold-glascow,An idea not coupled with action will never get any bigger than the brain cell it occupied.,insight,action; thought,,false,,attributed_unverified,,,,,false,
q_0346,Arnold Patent,arnold-patent,There is no more important step you can take than to define your life's purpose. It develops your sense of belonging to our universe.,insight,life; purpose; universe,,false,,attributed_unverified,,,,,false,
q_0347,Art Buchwald,art-buchwald,The best things in life aren't things.,insight,life,,false,,attributed_unverified,,,,,false,
q_0348,Arthur Conan Doyle,arthur-conan-doyle,The world is full of obvious things which nobody by any chance ever observes.,insight,perception; observation; awareness,"Author, British",false,,attributed_unverified,,,,,false,
q_0349,Arthur Schopenhauer,arthur-schopenhauer,Every man takes the limits of his own field of vision for the limits of the world.,insight,limits; vision; world,"Philosopher, German",false,,attributed_unverified,,,,,false,
q_0350,Arthur Schopenhauer,arthur-schopenhauer,"All truth passes through three stages. First, it is ridiculed. Second, it is violently opposed. Third, it is accepted as being self-evident.",insight,truth; violence; acceptance; stages; humor,"Philosopher, German",false,,attributed_unverified,,,,,false,
q_0351,Asha Tyson,asha-tyson,"Your journey has molded you for your greater good, and it was exactly what it needed to be. Don't think that you've lost time. There is no short-cutting to life. It took each and every situation you have encountered to bring you to the now. And now is right on time.",relationships,journey; time; life,,false,,attributed_unverified,,,,,false,
q_0352,Audrey Hepburn,audrey-hepburn,"For attractive lips, speak words of kindness. For lovely eyes, seek out the good in people. For a slim figure, share your food with the hungry. For beautiful hair, let a child run his or her fingers through it once a day. For poise, walk with the knowledge that you never walk alone. People, even more than things, have to be restored, renewed, revived, reclaimed and redeemed; never throw out anyone. Remember, if you ever need a helping hand, you'll find one at the end of each of your arms. As you grow older, you will discover that you have two hands, one for helping yourself, the other for helping others. The beauty of a woman is not in the clothes she wears, the figure that she carries, or the way she combs her hair. The beauty of a woman must be seen from in her eyes, because that is the doorway to her heart, the place where love resides. The beauty of a woman is not in a facial mole, but the true beauty in a woman is reflected in her soul. It is the caring that she lovingly gives, the passion that she shows. The beauty of a woman grows with the passing years.",insight,beauty; attractive; aging; woman; soul; love; passion; growth; children; help; food,Actor,true,,attributed_unverified,,,,,false,
q_0353,Ayya Khema,ayya-khema,"Mindfulness is not just a word or a discourse by the Buddha, but a meaningful state of mind. It means we have to be here now, in this very moment, and we have to know what is happening internally and externally. It means being alert to our motives and learning to change unwholesome thoughts and emotions into wholesome ones. Mindfulness is a mental activity that in due course eliminates all suffering.",spirit,mindfulness; present; internal; external; within; motives; learning; change; thoughts; emotions; transform; wholesome; suffering; freedom; buddha; mind; presence,,false,,attributed_unverified,,,,,false,
q_0354,Babe Ruth,babe-ruth,"The way a team plays as a whole determines its success. You may have the greatest bunch of individual stars in the world, but if they don't play together, the club won't be worth a dime.",business,teamwork; cooperation; team; play; money,Athlete,false,,attributed_unverified,,,,,false,
q_0355,Banksy,banksy,Art should comfort the disturbed and disturb the comfortable.,creativity,,Artist,true,,attributed_unverified,,,,,false,
q_0356,Barbara Rose,barbara-rose,"Even the most daring and accomplished people have undergone tremendous difficulty. In fact, the more successful they became, the more they attributed their success to the lessons learned during their most difficult times. Adversity is our teacher. When we view adversity as a guide towards greater inner growth, we will then learn to accept the wisdom our soul came into this life to learn.",insight,difficulties; challenges; growth; life; wisdom; soul,,false,,attributed_unverified,,,,,false,
q_0357,Barbara Rose,barbara-rose,"No matter what difficulty you are facing, it is coming from Divine Light to bring you to a higher place within. Write down every conceivable reason that this situation can contribute towards your growth. Write down every way this experience can possibly set the stage for serving to uplift others. When you are complete, and have come to the other side of this experience, you will then know 'why' it happened.",insight,difficulty; growth; experience,,false,,attributed_unverified,,,,,false,
q_0358,Barbara Sher,barbara-sher,"All the people we call ‘geniuses’ are men and women who somehow escaped having to put that curious, wondering child in themselves to sleep.",creativity,genius; people; curiosity; child; sleep; escape; wonder; artist,,false,,attributed_unverified,,,,,false,
q_0359,Barry Brailsford,barry-brailsford,"When we see ourselves as greater than others, when we place humankind above other creatures, above and beyond the realms of the birds and the fishes, outside the world of stone and the colors, we give away our power. Only when we see we are part of everything, joined to creation, bound to all the realms and integrated into the web of life, do we begin to call on our full potential.",spirit,see; perception; unity; oneness; animals; birds; fish; power; creation; womb; life; potential; connection; web; self,,true,,attributed_unverified,,,,,false,
q_0360,Barry LePartner,barry-lepartner,"Good judgment comes from experience, and experience comes from bad judgment.",business,judgment; experience; bad; learning,,false,,attributed_unverified,,,,,false,
q_0361,Ben Irwin,ben-irwin,Most of us spend our lives as if we have another one in the bank.,insight,life; time,,false,,attributed_unverified,,,,,false,
q_0362,Benjamin Franklin,benjamin-franklin,The Constitution only gives people the right to pursue happiness. You have to catch it yourself.,insight,happiness; pursuit,,false,,attributed_unverified,,,,,false,
q_0363,Benjamin Franklin,benjamin-franklin,Does thou love life? Then do not squander time; for that's the stuff life is made of.,business,life; time; love; waste,,false,,attributed_unverified,,,,,false,
q_0364,Bennett W. Goodspeed,bennett-w-goodspeed,The difference between a comedy and a tragedy is that in a comedy the characters figure out reality in time to do something about it.,insight,change; time; comedy; tragedy; reality,,false,,attributed_unverified,,,,,false,
q_0365,Bernie Siegel,bernie-siegel,I don’t think God cares where we were graduated or what we did for a living. God wants to know who we are. Discovering this is the work of the soul – it is our true life’s work.,spirit,work; god; career; being; self; discover; soul; life,,false,,attributed_unverified,,,,,false,
q_0366,Bertrand Russell,bertrand-russell,The biggest cause of trouble in the world today is that the stupid people are so sure about things and the intelligent folks are so full of doubts.,insight,stupidity; doubt; intelligence; world; trouble; difficulty,,false,,attributed_unverified,,,,,false,
q_0367,Betty Eadie,betty-eadie,"If our ego is to know spirit, we must make the first move. Spirit does not come down and knock on our door. It sits waiting for us to acknowledge it. We must want to change and take the initiative and persevere. The love of spirit will embrace us. But we must take the first steps. In what areas of your life are you ready for change? What step can you take to open the door to new possibilities? It starts with you. Faith is not complacent; faith is action. You don’t have faith and wait. When you have faith, you move.""",spirit,faith; movement; ego; spirit; knock; door; sit; wait; acknowledgment; change; initiative; perseverance; love; embrace; step; life; possibilities; self; action,,false,,attributed_unverified,,,,,false,
q_0368,Betty Reese,betty-reese,"If you think you’re too small to be effective, you’ve never been in bed with a mosquito.",insight,insect; small; effective; mosquito,,false,,attributed_unverified,,,,,false,
q_0369,Bill Cosby,bill-cosby,"I don't know the key to success, but the key to failure is to try to please everyone.",business,success; failure; key; people; humor,Actor,false,,attributed_unverified,,,,,false,
q_0370,Bill Gates,bill-gates,"As we look ahead into the next century, leaders will be those who empower others.",business,leadership; future; power,Entrepreneur,true,,attributed_unverified,,,,,false,
q_0371,Billie Holiday,billie-holiday,"You can be up to your boobies in white satin, with gardenias in your hair and no sugar cane for miles, but you can still be working on a plantation.",insight,prison; work; wealth,Musician,false,,attributed_unverified,,,,,false,
q_0372,Black Elk,black-elk,Everything sacred moves in a Circle.,spirit,cycles,"Native American, Sacred",false,,attributed_unverified,,,,,false,
q_0373,Blaise Pascal,blaise-pascal,All man's miseries derive from not being able to sit quietly in a room alone.,insight,quiet,,false,,attributed_unverified,,,,,false,
q_0374,Brian Greene,brian-greene,The boldness of asking deep questions may require unforeseen flexibility if we are to accept the answers.,insight,questions; deep; flexibility; acceptance; answers,,false,,attributed_unverified,,,,,false,
q_0375,Brian Tracy,brian-tracy,"The way you respond to disappointment is usually an accurate predictor of how likely you are to achieve great success. If you respond to disappointment by learning the very most from it, and then by putting it behind you, and then pressing forward, you are very likely to accomplish great things in the course of your life.",business,disappointment; success; perseverance; learning; accomplish; great; life; prediction; work,Author,false,,attributed_unverified,,,,,false,
q_0376,Brian Tracy,brian-tracy,Your success in life will be in direct proportion to what you do after you do what you’re expected to do.,business,success; life; action; world,Author,false,,attributed_unverified,,,,,false,
q_0377,Brian Tracy,brian-tracy,Always give without remembering and receive without forgetting.,relationships,giving; generosity; remember,Author,false,,attributed_unverified,,,,,false,
q_0378,Bruce Lee,bruce-lee,"Life is about change, but growth is optional.",insight,life; change; growth,Martial Arts,true,,attributed_unverified,,,,,false,
q_0379,Bruce Lee,bruce-lee,"Don't get set into one form, adapt it and build your own, and let it grow, be like water.",business,build; growth; transformation; self; water; form,Martial Arts,false,,attributed_unverified,,,,,false,
q_0380,Bruce Lee,bruce-lee,What is defeat? Nothing but education; nothing but the first step to something better.,insight,defeat; education; improvement,Martial Arts,false,,attributed_unverified,,,,,false,
q_0381,Bruce Lee,bruce-lee,Keep your mind on the things you want and off those you don't.,insight,mind; focus; attention,Martial Arts,false,,attributed_unverified,,,,,false,
q_0382,Bruce Lee,bruce-lee,"Mistakes are always forgivable, if one has the courage to admit them.",,,Martial Arts,false,,attributed_unverified,,,,,false,
q_0383,Bruce Lee,bruce-lee,The successful person is the average person with laser-like focus.,business,success; focus,Martial Arts,false,,attributed_unverified,,,,,false,
q_0384,Bruno Gröning,bruno-gröning,"Is there a principle, which can form the basis for one's whole life? Yes. Love for your fellow human beings.",relationships,love; human; life; principle,,false,,attributed_unverified,,,,,false,
q_0385,Buckminster Fuller,buckminster-fuller,"A designer is an emerging synthesis of artist, inventor, mechanic, objective economist, and evolutionary strategist.",design,,"Philosopher, Architect",false,,attributed_unverified,,,,,false,
q_0386,Buckminster Fuller,buckminster-fuller,We are not going to be able to operate our Spaceship Earth successfully nor for much longer unless we see it as a whole spaceship and our fate as common. It has to be everybody or nobody.,relationships,earth; survival; perception; see; connection; interdependence; united; community,"Philosopher, Architect",false,,attributed_unverified,,,,,false,
q_0387,Buckminster Fuller,buckminster-fuller,"I live on Earth at present, and I don't know what I am. I know that I am not a category. I am not a thing — a noun. I seem to be a verb, an evolutionary process — an integral function of the universe.",spirit,mystery,"Philosopher, Architect",true,,attributed_unverified,,,,,false,
q_0388,Buddhist saying,buddhist-saying,Thought manifests as the word. Word manifests as the deed. Deeds form into habit. Habit hardens character.,insight,thoughts; thinking; actions; character; speech,Buddhist,false,,attributed_unverified,,,,,false,
q_0389,Buddha,buddha,"We are what we think. All that we are arises with our thoughts. With our thoughts we make the world. Speak or act with an impure mind and trouble will follow you as the wheel follows the ox that draws the cart… Speak or act with a pure mind and happiness will follow you as your shadow, unshakable.",insight,thoughts; mind; action; speech; happiness; spirit,Buddhist,false,,attributed_unverified,,,,,false,
q_0390,Buddhist saying,buddhist-saying,"If we could see the miracle of a single flower clearly, our whole life would change.",insight,vision; perception; life; miracle; change,Buddhist,false,,attributed_unverified,,,,,false,
q_0391,"Buddhist saying, paraphrasing the Kalama Sutta",buddhist-saying-paraphrasing-the-kalama-sutta,Believe nothing because a wise man said it. Believe nothing because it is generally held true. Believe nothing because it is written. Believe nothing because it is said to be divine. Believe nothing because someone else believes it. But believe only what you yourself judge to be true.,insight,belief; truth; wisdom; divine; self,Buddhist,false,,attributed_unverified,,,,,false,
q_0394,Buddhist saying,buddhist-saying,Only those who go where few have gone can see what few have seen.,creativity,distance; see; vision; perception,Buddhist,true,,attributed_unverified,,,,,false,
q_0395,Buddhist saying,buddhist-saying,"Thousands of candles can be lit from a single candle, and the life of the candle will not be shortened. Happiness never decreases by being shared.",spirit,happiness; fire; flame; candle; sharing; generosity,Buddhist,false,,attributed_unverified,,,,,false,
q_0396,Buddhist saying,buddhist-saying,Concentration is the foundation of wisdom.,spirit,concentration; wisdom; buddhist,Buddhist,false,,attributed_unverified,,,,,false,
q_0397,Buddhist saying,buddhist-saying,"When you see the unborn, uncreated, unconditioned, you are liberated from everything born, created, and conditioned.",spirit,birth; creation; conditioned; emptiness; see; perception; buddhist; freedom,Buddhist,false,,attributed_unverified,,,,,false,
q_0398,Buddhist saying,buddhist-saying,Generosity brings happiness at every stage of its expression. We experience joy in forming the intention to be generous. We experience joy in the actual act of giving something. And we experience joy in remembering the fact that we have given.,relationships,generosity; joy; intention; giving; buddhist; action; remember,Buddhist,false,,attributed_unverified,,,,,false,
q_0399,Byron Katie,byron-katie,You are the one you have been waiting for.,insight,self; acceptance,Self-Inquiry,false,,attributed_unverified,,,,,false,
q_0400,Byron Katie,byron-katie,"Until the mind loves itself, there is no love.",insight,mind; love; self,Self-Inquiry,false,,attributed_unverified,,,,,false,
q_0401,Byron Katie,byron-katie,"Hell is what you are believing that takes you away from heaven, now.",insight,heaven; hell; belief; confusion,Self-Inquiry,false,,attributed_unverified,,,,,false,
q_0402,Byron Katie,byron-katie,There's only one of us here.,insight,self; oneness; unity,Self-Inquiry,false,,attributed_unverified,,,,,false,
q_0403,Byron Katie,byron-katie,The world is what I believe to be true.,insight,world; belief; truth,Self-Inquiry,false,,attributed_unverified,,,,,false,
q_0404,Byron Katie,byron-katie,The truth has no concern for what we think it should be.,insight,truth; think,Self-Inquiry,false,,attributed_unverified,,,,,false,
q_0405,C. S. Lewis,c-s-lewis,Prayer doesn’t change God. It changes me.,spirit,prayer; god; change; self,"Author, British",false,,attributed_unverified,,,,,false,
q_0406,C. West Churchman,c-west-churchman,It's always wise to raise questions about the most obvious and simple assumptions.,insight,wisdom; question; assumption,,false,,attributed_unverified,,,,,false,
q_0407,Camus,camus,Your success and happiness are forgiven you only if you generously consent to share them with others.,relationships,happiness; success; humor,"Philosopher, Architect",false,,attributed_unverified,,,,,false,
q_0408,Camus,camus,There is only misfortune in not being loved; there is misery in not loving.,relationships,misery; love; loving; misfortune,"Philosopher, Architect",false,,attributed_unverified,,,,,false,
q_0409,Carl Jung,carl-jung,"Until you make the unconscious conscious, it will continue to direct your life and you will call it fate.",insight,self-awareness; insight,Psychology,false,,attributed_unverified,,,,,false,
q_0410,Carl Jung,carl-jung,We cannot live the afternoon of life according to the program of life's morning; for what in the morning was true will in evening become a lie.,insight,change,Psychology,false,,attributed_unverified,,,,,false,
q_0411,Carl Jung,carl-jung,"All the greatest and most important problems of life are fundamentally insolvable... they can never be solved, but only outgrown. This 'outgrowth' proved on further investigation to require a new level of consciousness. Some higher or wider interest appeared on the person's horizon, and through this broadening of his or her outlook the unsolvable problem lost its urgency. It was not solved logically in its own terms but faded when confronted with a new and stronger life urge.",insight,growth; life; consciousness,Psychology,false,,attributed_unverified,,,,,false,
q_0412,Carl Jung,carl-jung,"One does not become enlightened by imagining figures of light, but by making the darkness conscious.",insight,light; enlightenment; darkness; consciousness,Psychology,true,,attributed_unverified,,,,,false,
q_0413,Carl Jung,carl-jung,"As far as we can discern, the sole purpose of human existence is to kindle a light in the darkness of mere being.",insight,purpose; light; darkness,Psychology,false,,attributed_unverified,,,,,false,
q_0414,Carl Jung,carl-jung,"Your vision will become clear only when you can look into your own heart. Who looks outside, dreams; who looks inside, awakes.",insight,vision; look; dream; heart; sleep; awaken; outside; within; clear,Psychology,true,,attributed_unverified,,,,,false,
q_0415,Carl Jung,carl-jung,If we want to understand the psyche we have to include the whole world.,insight,self awareness,Psychology,false,,attributed_unverified,,,,,false,
q_0416,Carl Sagan,carl-sagan,"Somewhere, something incredible is waiting to be known.",,,Scientist,false,,attributed_unverified,,,,,false,
q_0417,Carl Sagan,carl-sagan,"For me, it is far better to grasp the Universe as it really is than to persist in delusion, however satisfying and reassuring.",insight,universe; delusion; satisfaction; perception; reassurance,Scientist,false,,attributed_unverified,,,,,false,
q_0418,Carl Sagan,carl-sagan,"Somewhere, something incredible is waiting to be known.",insight,knowledge,Scientist,false,,attributed_unverified,,,,,false,
q_0419,Carl Sagan,carl-sagan,"If you wish to make an apple pie from scratch, you must first invent the universe.",insight,universe; invent,Scientist,false,,attributed_unverified,,,,,false,
q_0420,Carl Sagan,carl-sagan,"One glance at a book and you hear the voice of another person, perhaps someone dead for 1,000 years. To read is to voyage through time.",insight,journey; time; people; book; voice,Scientist,true,,attributed_unverified,,,,,false,
q_0421,Carl Sagan,carl-sagan,"Frederick Douglas taught that literacy is the path from slavery to freedom. There are many kinds of slavery and many kinds of freedom, but reading is still the path.",insight,slavery; freedom; books; learning; reading; path,Scientist,false,,attributed_unverified,,,,,false,
q_0422,Carl Sagan,carl-sagan,"The nitrogen in our DNA, the calcium in our teeth, the iron in our blood, the carbon in our apple pies were made in the interiors of collapsing stars. We are made of star stuff.",insight,blood; fruit; stars; collapse; science; astronomy; universe,Scientist,true,,attributed_unverified,,,,,false,
q_0423,Carl Sagan,carl-sagan,It is of interest to note that while some dolphins are reported to have learned English - up to fifty words used in correct context - no human being has been reported to have learned dolphinese.,insight,dolphin; learning; human,Scientist,false,,attributed_unverified,,,,,false,
q_0424,Carl Sagan,carl-sagan,"The earth is a very small stage in a vast cosmic arena. Think of the rivers of blood spilled by all those generals and emperors so that in glory and in triumph they could become the momentary masters of a fraction of a dot. Think of the endless cruelties visited by the inhabitants of one corner of the dot on scarcely distinguishable inhabitants of some other corner of the dot. How frequent their misunderstandings, how eager they are to kill one another, how fervent their hatreds. Our posturings, our imagined self-importance, the delusion that we have some privileged position in the universe, are challenged by this point of pale light. Our planet is a lonely speck in the great enveloping cosmic dark. In our obscurity -- in all this vastness -- there is no hint that help will come from elsewhere to save us from ourselves. It is up to us. It's been said that astronomy is a humbling, and I might add, a character-building experience. To my mind, there is perhaps no better demonstration of the folly of human conceits than this distant image of our tiny world. To me, it underscores our responsibility to deal more kindly and compassionately with one another and to preserve and cherish that pale blue dot, the only home we've ever known.",insight,astronomy; science; humanity; war; violence; cosmic; blood; misunderstanding; kill; death; hatred; universe; darkness; conceit; human; world; small; responsibility; kindness; compassion; relationship; home,Scientist,false,,attributed_unverified,,,,,false,
q_0425,Carl Sagan,carl-sagan,For small creatures such as we the vastness is bearable only through love.,insight,small; animals; love; vast; relationship,Scientist,true,,attributed_unverified,,,,,false,
q_0426,Carl Sagan,carl-sagan,We make our world significant by the courage of our questions and the depth of our answers,insight,questions; answers; depth; courage; world; meaning,Scientist,false,,attributed_unverified,,,,,false,
q_0427,Carl Sagan,carl-sagan,"Every one of us is, in the cosmic perspective, precious. If a human disagrees with you, let him live. In a hundred billion galaxies, you will not find another.",insight,cosmic; perspective; precious; human; disagreement; tolerance; live; universe,Scientist,true,,attributed_unverified,,,,,false,
q_0428,Carl Sagan,carl-sagan,"Science is not only compatible with spirituality; it is a profound source of spirituality. When we recognize our place in an immensity of light-years and in the passage of ages, when we grasp the intricacy, beauty, and subtlety of life, then that soaring feeling, that sense of elation and humility combined, is surely spiritual. So are our emotions in the presence of great art or music or literature, or acts of exemplary selfless courage such as those of Mohandas Gandhi or Martin Luther King, Jr. The notion that science and spirituality are somehow mutually exclusive does a disservice to both.",spirit,science; spirituality; recognize; universe; time; humility; emotions; art; music; literature; courage; gandhi; martin luther king; jr.,Scientist,false,,attributed_unverified,,,,,false,
q_0429,Carl Sagan,carl-sagan,"A book is made from a tree. It is an assemblage of flat, flexible parts (still called ""leaves"") imprinted with dark pigmented squiggles. One glance at it and you hear the voice of another person, perhaps someone dead for thousands of years. Across the millennia, the author is speaking, clearly and silently, inside your head, directly to you. Writing is perhaps the greatest of human inventions, binding together people, citizens of distant epochs, who never knew one another. Books break the shackles of time, proof that humans can work magic.""",insight,books; reading; tree; leaves; voice; time; person; dead; author; head; human; invention; people; magic,Scientist,false,,attributed_unverified,,,,,false,
q_0430,Carl Sagan,carl-sagan,We are star-stuff contemplating the stars.,spirit,star; contemplation; self; awareness; oneness; universe,Scientist,true,,attributed_unverified,,,,,false,
q_0431,Carl Sagan,carl-sagan,"The library connects us with the insight and knowledge, painfully extracted from Nature, of the greatest minds that ever were, with the best teachers, drawn from the entire planet and from all our history, to instruct us without tiring, and to inspire us to make our own contribution to the collective knowledge of the human species. I think the health of our civilization, the depth of our awareness about the underpinnings of our culture and our concern for the future can all be tested by how well we support our libraries.",creativity,library; books; learning; knowledge; nature; mind; teachers; planet; science; civilization; health; depth; awareness; culture; support,Scientist,false,,attributed_unverified,,,,,false,
q_0432,Carl Sagan,carl-sagan,"We can judge our progress by the courage of our questions and the depth of our answers, our willingness to embrace what is true rather than what feels good.",insight,feeling; good; questions; depth; courage; answers; embrace; willingness; truth,Scientist,false,,attributed_unverified,,,,,false,
q_0433,Carl Sagan,carl-sagan,"We live on a hunk of rock and metal that circles a humdrum star that is one of 400 billion other stars that make up the Milky Way Galaxy which is one of billions of other galaxies which make up a universe which may be one of a very large number, perhaps an infinite number, of other universes. That is a perspective on human life and our culture that is well worth pondering.",insight,universe; planet; earth; culture; rock; metal; stars; infinite; perspective; life; scale; vast; contemplate,Scientist,false,,attributed_unverified,,,,,false,
q_0434,Carl Sagan,carl-sagan,"The size and age of the Cosmos are beyond ordinary human understanding. Lost somewhere between immensity and eternity is our tiny planetary home. In a cosmic perspective, most human concerns seem insignificant, even petty. And yet our species is young and curious and brave and shows much promise. In the last few millennia we have made the most astonishing and unexpected discoveries about the Cosmos and our place within it, explorations that are exhilarating to consider. They remind us that humans have evolved to wonder, that understanding is a joy, that knowledge is prerequisite to survival. I believe our future depends on how well we know this Cosmos in which we float like a mote of dust in the morning sky.",insight,universe; scale; vast; human; understanding; eternity; small; home; planet; earth; cosmic; concerns; evolution; wonder; knowledge; survival; future; sky; science; time,Scientist,false,,attributed_unverified,,,,,false,
q_0435,Carl Sagan,carl-sagan,"Every aspect of Nature reveals a deep mystery and touches our sense of wonder and awe. Those afraid of the universe as it really is, those who pretend to nonexistent knowledge and envision a Cosmos centered on human beings will prefer the fleeting comforts of superstition. They avoid rather than confront the world. But those with the courage to explore the weave and structure of the Cosmos, even where it differs profoundly from their wishes and prejudices, will penetrate its deepest mysteries.",insight,nature; mystery; deep; touch; wonder; awe; fear; universe; human; superstition; world,Scientist,false,,attributed_unverified,,,,,false,
q_0436,Carl Sagan,carl-sagan,"One of the reasons for its success is that science has a built-in, error-correcting machinery at its very heart. Some may consider this an overbroad characterization, but to me every time we exercise self-criticism, every time we test our ideas against the outside world, we are doing science. When we are self-indulgent and uncritical, when we confuse hopes and facts, we slide into pseudoscience and superstition.",insight,science; error; correction; machinery; criticism; test; world; facts; superstition,Scientist,false,,attributed_unverified,,,,,false,
q_0437,Carl Sagan,carl-sagan,We are a way for the cosmos to know itself.,insight,universe; self; knowledge,Scientist,false,,attributed_unverified,,,,,false,
q_0438,Carl Sagan,carl-sagan,"You're an interesting species. An interesting mix. You're capable of such beautiful dreams, and such horrible nightmares. You feel so lost, so cut off, so alone, only you're not. See, in all our searching, the only thing we've found that makes the emptiness bearable, is each other.",insight,human; species; beautiful; dream; nightmares; lost; alone; isolated; search; emptiness; companionship,Scientist,false,,attributed_unverified,,,,,false,
q_0439,Carl Sagan,carl-sagan,"But nature is always more subtle, more intricate, more elegant than what we are able to imagine.",insight,nature; imagine; elegant; science,Scientist,false,,attributed_unverified,,,,,false,
q_0440,Carl Sagan,carl-sagan,You have to know the past to understand the present.,insight,past; present; understand; time,Scientist,false,,attributed_unverified,,,,,false,
q_0441,Carl Sagan,carl-sagan,Atoms are mainly empty space. Matter is composed chiefly of nothing.,insight,science; atoms; empty; space; nothing,Scientist,false,,attributed_unverified,,,,,false,
q_0442,Carl Sagan,carl-sagan,"Skeptical scrutiny is the means, in both science and religion, by which deep thoughts can be winnowed from deep nonsense.",insight,skepticism; analysis; science; religion; deep; thinking; nonsense,Scientist,false,,attributed_unverified,,,,,false,
q_0443,Carl Sagan,carl-sagan,"Widespread intellectual and moral docility may be convenient for leaders in the short term, but it is suicidal for nations in the long term. One of the criteria for national leadership should therefore be a talent for understanding, encouraging, and making constructive use of vigorous criticism.",insight,nations; politics; intellect; morality; leaders; death; leadership; talent; understanding; criticism,Scientist,false,,attributed_unverified,,,,,false,
q_0444,Carl Sagan,carl-sagan,"We inhabit a universe where atoms are made in the centers of stars; where each second a thousand suns are born; where life is sparked by sunlight and lightning in the airs and waters of youthful planets; where the raw material for biological evolution is sometimes made by the explosion of a star halfway across the Milky Way; where a thing as beautiful as a galaxy is formed a hundred billion times - a Cosmos of quasars and quarks, snowflakes and fireflies, where there may be black holes and other universe and extraterrestrial civilizations whose radio messages are at this moment reaching the Earth. How pallid by comparison are the pretensions of superstition and pseudoscience; how important it is for us to pursue and understand science, that characteristically human endeavor.",insight,universe; science; stars; atoms; sun; birth; spark; sunlight; water; planets; evolution; explosion; beauty; galaxy; earth; superstition; understand; human,Scientist,false,,attributed_unverified,,,,,false,
q_0445,Carl Sagan,carl-sagan,It is the tension between creativity and skepticism that has produced the stunning and unexpected findings of science.,insight,creativity; skepticism; science; tension,Scientist,false,,attributed_unverified,,,,,false,
q_0446,Carl Sagan,carl-sagan,"The Cosmos is all that is or was or ever will be. Our feeblest contemplations of the Cosmos stir us -- there is a tingling in the spine, a catch in the voice, a faint sensation, as if a distant memory, of falling from a height. We know we are approaching the greatest of mysteries.",insight,science; universe; memory; height; mystery; great,Scientist,false,,attributed_unverified,,,,,false,
q_0447,Carl Sagan,carl-sagan,"The universe is a pretty big place. If it's just us, seems like an awful waste of space.",insight,universe; vast; space; scale,Scientist,false,,attributed_unverified,,,,,false,
q_0448,Carl Sagan,carl-sagan,"Present global culture is a kind of arrogant newcomer. It arrives on the planetary stage following four and a half billion years of other acts, and after looking about for a few thousand years declares itself in possession of eternal truths. But in a world that is changing as fast as ours, this is a prescription for disaster. No nation, no religion, no economic system, no body of knowledge, is likely to have all the answers for our survival. There must be many social systems that would work far better than any now in existence. In the scientific tradition, our task is to find them.",insight,culture; society; history; time; truth; world; change; nation; religion; knowledge; answers; survival; science; discover; work,Scientist,false,,attributed_unverified,,,,,false,
q_0449,Carl Sagan,carl-sagan,The visions we offer our children shape the future.,insight,children; future; create,Scientist,false,,attributed_unverified,,,,,false,
q_0450,Carl Sagan,carl-sagan,Science is not only compatible with spirituality; it is a profound source of spirituality.,spirit,science; spirituality; source,Scientist,false,,attributed_unverified,,,,,false,
q_0451,Carl Sandburg,carl-sandburg,"Time is the coin of your life. It is the only coin you have, and only you can determine how it will be spent. Be careful lest you let other people spend it for you.",insight,time; life; choice,,false,,attributed_unverified,,,,,false,
q_0452,Carlo Carretto,carlo-carretto,You say you have no faith? Love - and faith will come. You say you are sad? Love - and joy will come. You say you are alone? Love - and you will break out of your solitude. You say you are in hell? Love - and you will find yourself in heaven.,relationships,love; sadness; faith; joy; alone; isolated; solitude; hell; heaven; discover; transform; change,,false,,attributed_unverified,,,,,false,
q_0453,Carlos Castaneda,carlos-castaneda,The basic difference between an ordinary man and a warrior is that a warrior takes everything as a challenge while an ordinary man takes everything either as a blessing or a curse.,insight,warrior; challenge,,false,,attributed_unverified,,,,,false,
q_0454,Carlos Fuentes,carlos-fuentes,Cruelty is a lack of imagination.,insight,cruelty; imagination,,false,,attributed_unverified,,,,,false,
q_0455,Catherine Ponder,catherine-ponder,"When you hold resentment toward another, you are bound to that person or condition by an emotional link that is stronger than steel. Forgiveness is the only way to dissolve that link and get free.",insight,forgiveness; freedom,,false,,attributed_unverified,,,,,false,
q_0456,Catherine the Great,catherine-the-great,"The more a man knows, the more he forgives.",insight,person; knowledge; forgiveness,,true,,attributed_unverified,,,,,false,
q_0457,Cavett Robert,cavett-robert,"If we study the lives of great men and women carefully and unemotionally we find that, invariably, greatness was developed, tested and revealed through the darker periods of their lives. One of the largest tributaries of the river of greatness is always the stream of adversity.",insight,challenge; difficulty; evolution,,false,,attributed_unverified,,,,,false,
q_0458,Charles Darwin,charles-darwin,"It is not the strongest of the species that survive, nor the most intelligent, but the one most responsive to change.",insight,strength; intelligence; change; survival,Scientist,true,,attributed_unverified,,,,,false,
q_0459,Charles Darwin,charles-darwin,A man who dares to waste one hour of time has not discovered the value of life.,insight,waste; man; time; discover; life; value,Scientist,false,,attributed_unverified,,,,,false,
q_0460,Charles du Bos,charles-du-bos,The important thing is this: to be able at a moment's notice to sacrifice what we are for what we could become.,insight,sacrifice; being; becoming,,false,,attributed_unverified,,,,,false,
q_0461,Charles Eames,charles-eames,The details are not the details. They make the design.,design,,,false,,attributed_unverified,,,,,false,
q_0462,Charles John Quarto,charles-john-quarto,"If you open your heart, love opens your mind.",insight,heart; love; mind; open,,true,,attributed_unverified,,,,,false,
q_0463,Charles R. Swindoll,charles-r-swindoll,"This may shock you, but I believe the single most significant decision I can make on a day-to-day basis is my choice of attitude. It is more important than my past, my education, my bankroll, my successes or failures, fame or pain, what other people think of me or say about me, my circumstances, or my position. Attitude is that ""single string"" that keeps me going or cripples my progress. It alone fuels my fire or assaults my hope. When my attitudes are right, there's no barrier too high, no valley too deep, no dream too extreme, no challenge too great for me.",insight,attitude; success; failure; pain; progress; dream; challenge; fire,,false,,attributed_unverified,,,,,false,
q_0464,Charles Schwab,charles-schwab,The person who does not work for the love of work but only for money is not likely to make money nor to find much fun in life.,business,work; love; money; success; fun; enjoyment; person,,false,,attributed_unverified,,,,,false,
q_0465,"Chief Tecumseh, Shawnee Nation",chief-tecumseh-shawnee-nation,"So live your life that the fear of death can never enter your heart. Trouble no one about their religion; respect others in their view, and demand that they respect yours. Love your life, perfect your life, beautify all things in your life. Seek to make your life long and its purpose in the service of your people. Prepare a noble death song for the day when you go over the great divide. Always give a word or a sign of salute when meeting or passing a friend, even a stranger, when in a lonely place. Show respect to all people and grovel to none. When you arise in the morning give thanks for the food and for the joy of living. If you see no reason for giving thanks, the fault lies only in yourself. Abuse no one and nothing, for abuse turns the wise ones to fools and robs the spirit of its vision. When it comes your time to die, be not like those whose hearts are filled with the fear of death, so that when their time comes they weep and pray for a little more time to live their lives over again in a different way. Sing your death song and die like a hero going home.",insight,life; death; fear; heart; religion; respect; love; perfect; beauty; service; song; friend; gratitude; food; joy; wisdom; fool; vision; spirit; sing; hero; native american,Native American,true,,attributed_unverified,,,,,false,
q_0466,Chinese proverb,chinese-proverb,Be not afraid of changing slowly; be afraid only of standing still.,insight,fear; change; evolution,,false,,attributed_unverified,,,,,false,
q_0467,Chinese proverb,chinese-proverb,"If you are patient in one moment of anger, you will escape a hundred days of sorrow.",insight,wisdom; anger,,false,,attributed_unverified,,,,,false,
q_0468,Chinese proverb,chinese-proverb,"The miracle is not to fly in the air, or to walk on the water; but to walk on the earth.",insight,miracle; earth,,false,,attributed_unverified,,,,,false,
q_0469,Chinese proverb,chinese-proverb,"Tell me, I'll forget. Show me, I may remember. But involve me and I'll understand.",business,learning; forget; understanding; remember,,false,,attributed_unverified,,,,,false,
q_0470,Chinese proverb,chinese-proverb,A bit of fragrance always clings to the hand that gives roses.,relationships,giving; rose; flower; fragrance,,false,,attributed_unverified,,,,,false,
q_0471,Christina Baldwin,christina-baldwin,"Spirituality is the sacred center out of which all life comes, including Mondays and Tuesdays and rainy Saturday afternoons in all their mundane and glorious detail. ... The spiritual journey is the soul's life commingling with ordinary life.",spirit,spirituality; sacred; center; life; mundane; soul; ordinary,,false,,attributed_unverified,,,,,false,
q_0472,Christopher LaBrec,christopher-labrec,"Everybody builds a dream in their lifetime. You’re either going to build your dream, or somebody else's. So build your own!",creativity,dream; life; build; self,,true,,attributed_unverified,,,,,false,
q_0473,Clarence Francis,clarence-francis,"You can buy a person's time; you can buy their physical presence at a given place. You can even buy a measured number of their skilled muscular motions per hour, but you cannot buy enthusiasm... you can not buy loyalty. You cannot buy the devotion of hearts, minds, or souls. You must earn these.",business,money; work; purchase; enthusiasm; loyalty; devotion; heart; mind; soul; earn,,false,,attributed_unverified,,,,,false,
q_0474,Clarissa Pinkola Estes,clarissa-pinkola-estes,"Anything you do from the soulful self will help lighten the burdens of the world. Anything. You have no idea what the smallest word, the tiniest generosity can cause to be set in motion. Be outrageous in forgiving. Be dramatic in reconciling. Mistakes? Back up and make them as right as you can, then move on. Be off the charts in kindness. In whatever you are called to, strive to be devoted to it in all aspects large and small. Fall short? Try again. Mastery is made in increments, not in leaps. Be brave, be fierce, be visionary. Mend the parts of the world that are within your reach. To strive to live this way is the most dramatic gift you can ever give to the world.",spirit,soul; self; action; burden; world; small; word; speech; generosity; motion; forgiveness; mistakes; right; kindness; devotion; large; mastery; brave; vision; heal; life; gift; service; purpose; support; help,,true,,attributed_unverified,,,,,false,
q_0475,Cochise,cochise,You must speak straight so that your words may go as sunlight to our hearts.,creativity,sunlight; speech; heart; words; native american,,false,,attributed_unverified,,,,,false,
q_0476,Confucius,confucius,"By three methods we may learn wisdom: First, by reflection, which is noblest; second, by imitation, which is easiest; and third, by experience, which is the bitterest.",insight,learning; wisdom; experience; reflection,,false,,attributed_unverified,,,,,false,
q_0477,Course in Miracles,course-in-miracles,Will you allow yourself to be hostage to the ego or host to God?,spirit,host; god; self; ego,Christian,false,,attributed_unverified,,,,,false,
q_0478,Cyrus Curtis,cyrus-curtis,"There are two kinds of people who never amount to much: those who cannot do what they are told, and those who can do nothing else.",humor,people; conformity; follow; discipline,,false,,attributed_unverified,,,,,false,
q_0479,D. H. Lawrence,d-h-lawrence,The human soul needs actual beauty more than bread.,creativity,soul; beauty; need,Author,false,,attributed_unverified,,,,,false,
q_0480,D. T. Suzuki,d-t-suzuki,"To see directly into one’s original nature, this is Zen... This Nature is the Mind, and the Mind is Buddha, and the Buddha is the Way, and the Way is Zen.",spirit,zen; buddhism; nature; true; mind; buddha; way; insight; self,"Buddhism, Zen",false,,attributed_unverified,,,,,false,
q_0481,D. T. Suzuki,d-t-suzuki,"If you understand real practice, then archery or other activities can be Zen. If you don't understand how to practice archery in its true sense, then even though you practice very hard, what you acquire is just technique. It won't help you through and through. Perhaps you can hit the mark without trying, but without a bow and arrow you cannot do anything. If you understand the point of practice, then even without a bow and arrow the archery will help you. How you get that kind of power or ability is only through right practice.",spirit,zen; archery; practice,"Buddhism, Zen",false,,attributed_unverified,,,,,false,
q_0482,Daijan Hui-neng,daijan-hui-neng,"The wisdom of Enlightenment is inherent in every one of us. It is because of the delusion under which our mind works that we fail to realize it ourselves, and we seek the advice and the guidance of enlightened ones.",spirit,wisdom; enlightenment; delusion; confusion; mind; realization; seek; teachers; advice; guidance,,false,,attributed_unverified,,,,,false,
q_0483,Daisaku Ikeda,daisaku-ikeda,People who cease to grow can't inspire others. Leadership begins with challenging oneself.,business,growth; leadership; challenge; self; inspiration; people,,false,,attributed_unverified,,,,,false,
q_0484,Dalai Lama,dalai-lama,The period of greatest gain in knowledge and experience is the most difficult period in one’s life.,insight,knowledge; experience; difficulty; life,"Buddhism, Tibetan",false,,attributed_unverified,,,,,false,
q_0485,Dalai Lama,dalai-lama,"We can let the circumstances of our lives harden us so that we become increasingly resentful and afraid, or we can let them soften us, and make us kinder. We always have the choice.",insight,choice; life; fear; kindness,"Buddhism, Tibetan",false,,attributed_unverified,,,,,false,
q_0486,Dalai Lama,dalai-lama,"This is my simple religion. There is no need for temples; no need for complicated philosophy. Our own brain, our own heart is our temple; the philosophy is kindness.",insight,religion; kindness; philosophy; brain; heart; temple,"Buddhism, Tibetan",false,,attributed_unverified,,,,,false,
q_0487,Dalai Lama,dalai-lama,"The problem isn't materialism as such. Rather it is the underlying assumption that full satisfaction can arise from gratifying the senses alone. Unlike animals whose quest for happiness is restricted to survival and to the immediate gratification of sensory desires, we human beings have the capacity to experience happiness at a deeper level which, when achieved, can overwhelm unhappy experiences.",insight,happiness; materialism; assumption; gratification; senses; survival; transformation; depth,"Buddhism, Tibetan",false,,attributed_unverified,,,,,false,
q_0488,Dalai Lama,dalai-lama,"The deep root of failure in our lives is to think, ‘Oh how useless and powerless I am.’ It is essential to think strongly and forcefully, ‘I can do it,’ without boasting or fretting.",business,failure; life; thought; strength; power,"Buddhism, Tibetan",false,,attributed_unverified,,,,,false,
q_0489,Dalai Lama,dalai-lama,"The essence of all religions is love, compassion, and tolerance. Kindness is my true religion. The clear proof of a person's love of God is if that person genuinely shows love to fellow human beings.",spirit,essence; love; religion; compassion; kindness; god; authenticity; human; devotion,"Buddhism, Tibetan",false,,attributed_unverified,,,,,false,
q_0490,Dalai Lama,dalai-lama,Be kind whenever possible. It is always possible.,spirit,kindness; possibility; practice; consistency; buddhism,"Buddhism, Tibetan",true,,attributed_unverified,,,,,false,
q_0491,Dalai Lama,dalai-lama,"If you want others to be happy, practice compassion. If you want to be happy, practice compassion.",relationships,compassion; practice; happiness; buddhism,"Buddhism, Tibetan",true,,attributed_unverified,,,,,false,
q_0492,Dalai Lama,dalai-lama,"If you were to spend a few minutes every day thinking about and trying to develop compassion, eventually compassion, the essence of spiritual practice, will become part of your life. When that happens I am convinced that not only will your life be happier but you will also make a direct contribution of peace and happiness in the world as a whole.",relationships,compassion; essence; spiritual; practice; life; happiness; peace; world; whole; contribution,"Buddhism, Tibetan",false,,attributed_unverified,,,,,false,
q_0493,Dalai Lama,dalai-lama,"We need not only a trained intelligence, but also a warm heart. Then a sense of community and a sense of responsibility will arise naturally.",,,"Buddhism, Tibetan",false,,attributed_unverified,,,,,false,
q_0494,Dale Carnegie,dale-carnegie,Success is getting what you want; happiness is wanting what you get.,insight,success; happiness; desire,,false,,attributed_unverified,,,,,false,
q_0495,Dale Turner,dale-turner,"Dreams are renewable. No matter what our age or condition, there are still untapped possibilities within us and new beauty waiting to be born.",creativity,dreams; age; possibilities; beauty; birth; within; self,,false,,attributed_unverified,,,,,false,
q_0496,Dan Millman,dan-millman,Conscious evolution begins as we take responsibility for clearing our own obstructions.,insight,evolution; difficulties; obstructions,Author,false,,attributed_unverified,,,,,false,
q_0497,Dan Millman,dan-millman,"When we feel stuck, going nowhere - even starting to slip backward - we may actually be backing up to get a running start.",insight,difficulties,Author,false,,attributed_unverified,,,,,false,
q_0498,Dan Millman,dan-millman,"Energy follows thought. We move toward, but not beyond, what we can imagine. By expanding our deepest beliefs about what is possible, we change our experience of it.",insight,energy; thought; imagination; belief; experience,Author,false,,attributed_unverified,,,,,false,
q_0499,Dan Millman,dan-millman,There are no ordinary moments.,insight,time; perception; ordinary,Author,false,,attributed_unverified,,,,,false,
q_0500,Dan Millman,dan-millman,Death is not sad. The sad thing is that most people don't ever really live at all.,insight,death; sadness; people; life,Author,false,,attributed_unverified,,,,,false,
q_0501,Dan Millman,dan-millman,"The secret of happiness is not found in seeking more, but in developing the capacity to enjoy less.",insight,happiness; more; less; development,Author,false,,attributed_unverified,,,,,false,
q_0502,Dan Millman,dan-millman,"Managing your money does not depend upon becoming wealthy or declaring vows of poverty. Rather, it is about creating stability and sufficiency – a balanced flow of monetary energy through your life.",business,money; finances; wealth; poverty; creation; flow; energy; life,Author,false,,attributed_unverified,,,,,false,
q_0503,Dave Ramsey,dave-ramsey,"How you handle or mishandle your money tells us who you are and, more important, it tells YOU who you are. Your priorities, passions, goals, and fears are shown clearly in the flow of your money. Your value system, or lack of one causes money to flow around you, past you, or to you. When money is in your possession, what you do with it screams loudly who you are.",insight,money,,false,,attributed_unverified,,,,,false,
q_0504,David Brinkley,david-brinkley,A successful person is one who can lay a firm foundation with the bricks that others throw at him or her.,humor,success; person; throw,,false,,attributed_unverified,,,,,false,
q_0505,David S. Jordan,david-s-jordan,The world turns aside to let any person pass who knows whither he or she is going.,business,world; people; direction; success; purpose,,false,,attributed_unverified,,,,,false,
q_0506,David Schwartz,david-schwartz,Goals are as essential to success as air is to life.,business,goal; purpose; success; air; life; essential,,false,,attributed_unverified,,,,,false,
q_0507,Debby Boone,debby-boone,"Dreams are the seeds of change. Nothing ever grows without a seed, and nothing ever changes without a dream.",spirit,seeds; change; dream,,false,,attributed_unverified,,,,,false,
q_0508,Dee Hock,dee-hock,"The problem is never how to get new, innovative thoughts into your mind, but how to get old ones out.",business,thoughts; new; innovation; old,,false,,attributed_unverified,,,,,false,
q_0509,Deepak Chopra,deepak-chopra,"By becoming a conscious choice-maker, you begin to generate actions that are evolutionary for you.",insight,consciousness; actions; evolution,Author,false,,attributed_unverified,,,,,false,
q_0510,Deepak Chopra,deepak-chopra,Happiness is a continuation of happenings which are not resisted.,insight,happiness; acceptance; resistance,Author,false,,attributed_unverified,,,,,false,
q_0511,Deepak Chopra,deepak-chopra,"When you struggle against this moment, you're actually struggling against the entire universe. Instead, you can make the decision that today you will not struggle against the whole universe by struggling against this moment. This means that your acceptance of this moment is total and complete. You accept things as they are, not as you wish they were in this moment. This is important to understand. You can wish for things in the future to be different, but in this moment you have to accept things as they are.",insight,struggle; universe; decision; acceptance; understanding; desire; future; change,Author,false,,attributed_unverified,,,,,false,
q_0512,Deepak Chopra,deepak-chopra,"Conscious change is brought about by the two qualities inherent in consciousness: attention and intention. Attention energizes, and intention transforms. Whatever you put your attention on will grow stronger in your life. Whatever you take your attention away from will wither, disintegrate, and disappear. Intention, on the other hand, triggers transformation of energy and information. Intention organizes its own fulfillment.",insight,intention; attention; organization; fulfillment; life; change; conscious; energy; transformation; information,Author,false,,attributed_unverified,,,,,false,
q_0513,Deepak Chopra,deepak-chopra,"Everyone has a purpose in life... a unique or special talent to give to others. And when we blend this unique talent with service to others, we experience the ecstasy and exultation of our own spirit, which is the ultimate goal of all goals.",business,goal; purpose; service; people; ecstasy; spirit,Author,false,,attributed_unverified,,,,,false,
q_0514,Deepak Chopra,deepak-chopra,Unity consciousness is a state of enlightenment where we pierce the mask of illusion which creates separation and fragmentation. Behind the appearance of separation is one unified field of wholeness. Here the seer and the scenery are one.,spirit,union; enlightenment; oneness; mask; illusion; separation; appearance; wholeness; perception; seeing,Author,false,,attributed_unverified,,,,,false,
q_0515,Denis Waitley,denis-waitley,"Happiness cannot be traveled to, owned, earned, worn or consumed. Happiness is the spiritual experience of living every minute with love, grace, and gratitude.",insight,happiness; love; gratitude,,false,,attributed_unverified,,,,,false,
q_0516,Denise Trifiletti,denise-trifiletti,"Forgiving often seems more difficult in western cultures, simply because we are taught to compete, be better, win, and conquer. We aren't taught the intricacies of deep listening and understanding. Nor are we are taught to see, or readily accept, different perspectives. But truly, listening is the first step on the ladder to creating beautiful personal and business relationships. Too often we make assumptions about what others are thinking, feeling or doing, and this affects our ability to work successfully together. Forgiveness is the solution to these issues, opening the door to abundance and creativity.",relationships,forgiveness; creativity; society; win; conquer; competition; deep; listening; understanding; acceptance; difference; perspectives; ladder; business; assumptions; work; teamwork; open; door; abundance,,false,,attributed_unverified,,,,,false,
q_0517,Dhyani Ywahoo,dhyani-ywahoo,You can tell how high a society is by how much of its garbage is recycled.,insight,native american; garbage; society; recycle,,false,,attributed_unverified,,,,,false,
q_0518,Diana Hunt,diana-hunt,"When busyness is the measure of time, no matter how much time exists it is never enough.",business,time; work; busy; enough,,false,,attributed_unverified,,,,,false,
q_0519,Diane Arbus,diane-arbus,"Nothing is easier than self-deceit. For what each man wishes, that he also believes to be true.",insight,self; deceit; wish; belief; truth,,false,,attributed_unverified,,,,,false,
q_0520,Diane Arbus,diane-arbus,"The world can only be grasped by action, not by contemplation. The hand is the cutting edge of the mind.",insight,mind; action; hand; touch; contemplation,,false,,attributed_unverified,,,,,false,
q_0521,Diane Arbus,diane-arbus,"I work from awkwardness. By that I mean I don't like to arrange things. If I stand in front of something, instead of arranging it, I arrange myself.",insight,awkward; art; artist; process,,false,,attributed_unverified,,,,,false,
q_0522,Diane Arbus,diane-arbus,"If you have knowledge, let others light their candles in it.",insight,knowledge; fire; candle; share,,false,,attributed_unverified,,,,,false,
q_0523,Diane Arbus,diane-arbus,A photograph is a secret about a secret. The more it tells you the less you know.,creativity,photograph; photographer; secret; knowledge; less; mystery,,false,,attributed_unverified,,,,,false,
q_0524,Diane Mariechild,diane-mariechild,"We're afraid of feelings. We rush through our lives searching yet not living. For those who have the interest to look closely, life becomes art.",insight,fear; feelings; rush; searching; living; look; vision; perception; art; life,,false,,attributed_unverified,,,,,false,
q_0525,Doc Childre,doc-childre,"Realize that now, in this moment of time, you are creating. You are creating your next moment based on what you are feeling and thinking. That is what's real. We can let go of the unconscious belief that being anxious about the past or the future will somehow protect us and instead reprogram our cells with new ways of responding.",creativity,creation; feeling; thought; real; belief; past; future; protect cells; perception; anxiety,,false,,attributed_unverified,,,,,false,
q_0526,Doc Childre & Howard Martin,doc-childre-howard-martin,"When emotions are managed by the heart, they heighten your awareness of the world around you and add sparkle to life. The result is new intelligence and a new view of life.",insight,heart; life; awareness,,false,,attributed_unverified,,,,,false,
q_0527,Doc Childre & Howard Martin,doc-childre-howard-martin,"Generally, appreciation means some blend of thankfulness, admiration, approval, and gratitude. In the financial world, something that ‘appreciates’ grows in value. With the power tool of appreciation, you get the benefit of both perspectives: as you learn to be consistently thankful and approving, your life will grow in value.",insight,gratitude; finances; life,,false,,attributed_unverified,,,,,false,
q_0528,Doc Childre & Howard Martin,doc-childre-howard-martin,"You can never get to peace and inner security without first acknowledging all of the good things in your life. If you're forever wanting and longing for more without first appreciating things the way they are, you'll stay in discord.",insight,peace; life; desire; appreciation,,false,,attributed_unverified,,,,,false,
q_0529,Dogen Zenji,dogen-zenji,To be in harmony with the oneness of things is to be without anxiety about imperfection.,spirit,,"Buddhism, Zen",true,,attributed_unverified,,,,,false,
q_0530,Dogen Zenji,dogen-zenji,"To study the Buddha Way is to study the self. / To study the self is to forget the self. / To forget the self is to be actualized by the myriad things. / When actualized by the myriad things, your body and mind / as well as the bodies and minds of others drop away. / No trace of realization remains and this no trace continues endlessly.",spirit,koan; self; buddha; way; body; mind; emptiness; oneness; nothing; realization; eternal,"Buddhism, Zen",true,,attributed_unverified,,,,,false,
q_0531,Dogen Zenji,dogen-zenji,There is nothing extraordinary about nirvana. The only thing extraordinary is our refusal to accept the true nature of reality. Nothing inherently exists outside of our minds. Neither does the mind exist as a separate entity apart from the world...,spirit,nirvana; reality; mind; world,,true,,attributed_unverified,,,,,false,
q_0532,Zen saying,zen-saying,"You can go through the motions of Zen, but it is the heart that finally counts.",spirit,,,true,,attributed_unverified,,,,,false,
q_0533,Don Miguel Ruiz,don-miguel-ruiz,"The more self-love we have, the less we will experience self-abuse. Self-abuse comes from self-rejection, and self-rejection comes from having an image of what it means to be perfect and never measuring up to that ideal. Our image of perfection is the reason we reject ourselves the way we are, and why we don't accept others the way they are.",insight,perfection; ideals; acceptance,"Author, Mexican, Toltec",false,,attributed_unverified,,,,,false,
q_0534,Don Miguel Ruiz,don-miguel-ruiz,"When you are aware that you are the force that is life, anything is possible. Miracles happen all the time, because those miracles are performed by the heart. The heart is in direct communion with the human soul, and when the heart speaks, even with the resistance of the head, something inside you changes; your heart opens another heart, and true love is possible.",relationships,love; life; force; miracles; heart; connection; soul; human; speech; head; resistance; change; transformation; open; true; possible,"Author, Mexican, Toltec",true,,attributed_unverified,,,,,false,
q_0535,Don Norman,don-norman,"It is not enough that we build products that function, that are understandable and usable, we also need to build products that bring joy and excitement, pleasure and fun, and, yes, beauty to people’s lives.",design,ux,Designer,true,,attributed_unverified,,,,,false,
q_0536,Don Richard Riso & Russ Hudson,don-richard-riso-russ-hudson,One of the great dangers of transformational work is that the ego attempts to sidestep deep psychological work by leaping into the transcendent too soon. This is because the ego always fancies itself much more ‘advanced’ than it actually is.,insight,change; ego; anger,,false,,attributed_unverified,,,,,false,
q_0537,Dorothea Lange,dorothea-lange,The camera is an instrument that teaches people how to see without a camera.,creativity,art; photography; perception,,false,,attributed_unverified,,,,,false,
q_0539,Dostoyevsky,dostoyevsky,"For the secret of a man’s being is not only to live but to have something to live for. Without a stable conception of the object of life, man would not consent to go on living, and would rather destroy himself than remain on earth, though he had bread in abundance.",insight,purpose; life; death; destroy; food; bread; abundance,"Author, Russian",false,,attributed_unverified,,,,,false,
q_0540,Dostoyevsky,dostoyevsky,"They suffer, of course... But then they live, they live a real life, not a fantastic one, for suffering is life. Without suffering what would be the pleasure of life? Life would be transformed into an endless church service; it would be holy, but tedious.",insight,suffering; life; pleasure; church; holy; transformation,"Author, Russian",false,,attributed_unverified,,,,,false,
q_0541,Doug King,doug-king,Learn to pause... or nothing worthwhile will catch up to you.,insight,stillness,,false,,attributed_unverified,,,,,false,
q_0542,Douglas Adams,douglas-adams,I love deadlines. I like the whooshing sound they make as they fly by.,humor,creative process,Author,false,,attributed_unverified,,,,,false,
q_0543,Douglas Adams,douglas-adams,"Man has always assumed that he was more intelligent than dolphins because he had achieved so much - the wheel, New York, wars and so on - while all the dolphins had ever done was muck about in the water having a good time. But conversely, the dolphins had always believed that they were far more intelligent than man – for precisely the same reason.",humor,people; dolphins; intelligence; war; water; enjoyment; belief,Author,false,,attributed_unverified,,,,,false,
q_0544,Dr. Albert Schweitzer,dr-albert-schweitzer,"Until he extends the circle of his compassion to all living things, man will not himself find peace.",insight,compassion; nature; peace,,false,,attributed_unverified,,,,,false,
q_0545,Dr. Albert Schweitzer,dr-albert-schweitzer,"Success is not the key to happiness. Happiness is the key to success. If you love what you are doing, you will be successful.",business,success; happiness; action; love,,true,,attributed_unverified,,,,,false,
q_0546,Dr. David Schwartz,dr-david-schwartz,"Believe it can be done. When you believe something can be done, really believe, your mind will find the ways to do it. Believing a solution paves the way to solution.",insight,belief; action; mind,,false,,attributed_unverified,,,,,false,
q_0547,Dr. Denis Waitley,dr-denis-waitley,"There are two primary choices in life: to accept conditions as they exist, or accept the responsibility for changing them.",insight,life; acceptance; change,,false,,attributed_unverified,,,,,false,
q_0548,Dr. Denis Waitley,dr-denis-waitley,"Failure should be our teacher, not our undertaker. Failure is delay, not defeat. It is a temporary detour, not a dead end. Failure is something we can avoid only by saying nothing, doing nothing, and being nothing.",business,failure; defeat; end; nothing; perseverance,,false,,attributed_unverified,,,,,false,
q_0549,Dr. George Sheehan,dr-george-sheehan,"Success is not something that can be measured or worn on a watch of hung on the wall. It is not the esteem of colleagues, or the admiration of the community, or the appreciation of patients. Success is the certain knowledge that you have become yourself, the person you were meant to be from all time. That should be reward enough.",business,success; measure; knowledge; self; reward; perception; awareness,,false,,attributed_unverified,,,,,false,
q_0550,Dr. Koichi Kawana,dr-koichi-kawana,Simplicity (kanso) means the achievement of maximum effect with minimum means.,design,simplicity; efficiency; most; least,,false,,attributed_unverified,,,,,false,
q_0551,Dr. Mae Jemison,dr-mae-jemison,Never be limited by other people's limited imaginations,insight,unlimited; unstoppable; limitations,,true,,attributed_unverified,,,,,false,
q_0552,Dr. Martin Luther King Jr.,dr-martin-luther-king-jr,"Cowardice asks the question: is it safe? Expediency asks the question: is it politic? Vanity asks the question: is it popular? But conscience asks the question: is it right? And there comes a time when one must take a position that is neither safe, nor politic, nor popular - but one must take it simply because it is right.",insight,right; conscience; popular; question,"Christian, Civil Rights Leader",false,,attributed_unverified,,,,,false,
q_0553,Dr. Norman Vincent Peale,dr-norman-vincent-peale,"If you expect the best, you will be the best. Learn to use one of the most powerful laws in this world; change your mental habits to belief instead of disbelief. Learn to expect, not to doubt. In so doing, you bring everything into the realm of possibility.",insight,belief; thinking; learning; laws,,false,,attributed_unverified,,,,,false,
q_0554,Dr. Paul Tournier,dr-paul-tournier,At the heart of personality is the need to feel a sense of being lovable without having to qualify for that acceptance.,insight,acceptance; love,,false,,attributed_unverified,,,,,false,
q_0555,Dr. Robert H. Schuller,dr-robert-h-schuller,"Every achiever that I have ever met says, ‘My life turned around when I began to believe in me.’",business,belief; self; transformation,,false,,attributed_unverified,,,,,false,
q_0556,Dr. Seuss,dr-seuss,"Be who you are and say what you feel, because those who mind don't matter and those who matter don't mind.",insight,authenticity,Author,false,,attributed_unverified,,,,,false,
q_0557,Dr. Seuss,dr-seuss,"I like nonsense, it wakes up the brain cells. Fantasy is a necessary ingredient in living, It's a way of looking at life through the wrong end of a telescope. Which is what I do, and that enables you to laugh at life's realities.",creativity,brain; awaken; nonsense; telescope; life; wrong; laugh; reality,Author,false,,attributed_unverified,,,,,false,
q_0558,Dr. Seuss,dr-seuss,"We are all a little weird and life's a little weird, and when we find someone whose weirdness is compatible with ours, we join up with them and fall in mutual weirdness and call it love.",insight,love; weird,Author,false,,attributed_unverified,,,,,false,
q_0559,Dr. Wayne W. Dyer,dr-wayne-w-dyer,Your reputation is in the hands of others. That's what a reputation is. You can't control that. The only thing you can control is your character.,insight,character,Author,false,,attributed_unverified,,,,,false,
q_0560,Duke Ellington,duke-ellington,I just took the energy it takes to pout and wrote the blues.,creativity,energy; pout; blues; sad; creation; transformation,Musician,false,,attributed_unverified,,,,,false,
q_0561,Dwight Eisenhower,dwight-eisenhower,Leadership is the art of getting someone else to do something you want done because he wants to do it.,business,desire; leadership; action,Political Leader,false,,attributed_unverified,,,,,false,
q_0562,E. E. Cummings,e-e-cummings,I’d rather learn from one bird how to sing / than teach ten thousand stars not to dance.,creativity,bird; sing; dance; stars; learn,Poet,false,,attributed_unverified,,,,,false,
q_0563,E. F. Schumacher,e-f-schumacher,Any intelligent fool can make things bigger and more complex. It takes a touch of genius—and a lot of courage—to move in the opposite direction.,design,simplicity,,false,,attributed_unverified,,,,,false,
q_0564,Earl Nightingale,earl-nightingale,"We are at our very best, and we are happiest, when we are fully engaged in work we enjoy on the journey toward the goal we've established for ourselves. It gives meaning to our time off and comfort to our sleep. It makes everything else in life so wonderful, so worthwhile.",business,purpose; happiness; work; journey; goal; time; sleep; life,,false,,attributed_unverified,,,,,false,
q_0565,Earl Nightingale,earl-nightingale,Don't let the fear of the time it will take to accomplish something stand in the way of your doing it. The time will pass anyway. We might just as well put that passing time to the best possible use.,creativity,fear; time; accomplish; action; useful,,false,,attributed_unverified,,,,,false,
q_0566,Eckhart Tolle,eckhart-tolle,"Accept - then act. Whatever the present moment contains, accept it as if you had chosen it... This will miraculously transform your whole life.",,acceptance,Author,false,,attributed_unverified,,,,,false,
q_0567,Eckhart Tolle,eckhart-tolle,"Many people are waiting for prosperity. It cannot come in the future. When you honor, acknowledge, and fully accept your present reality - where you are, who you are, what you are doing right now - when you fully accept what you have got, you are grateful for what you have got, grateful for what is, grateful for Being. Gratitude for the present moment and the fullness of life now is true prosperity. It cannot come in the future. Then, in time, that prosperity manifests for you in various ways.",insight,prosperity; wealth; acceptance; gratitude; life,Author,false,,attributed_unverified,,,,,false,
q_0568,Eden Phillpotts,eden-phillpotts,"The universe is full of magical things, patiently waiting for our wits to grow sharper.",insight,universe; intelligence; magic; patience,,false,,attributed_unverified,,,,,false,
q_0569,Edith Wharton,edith-wharton,There are two ways of spreading light: to be the candle or the mirror that reflects it.,insight,light; mirror; reflection,,false,,attributed_unverified,,,,,false,
q_0570,Edith Wharton,edith-wharton,"One can remain alive long past the usual date of disintegration if one is unafraid of change, insatiable in intellectual curiosity, interested in big things, and happy in small ways.",insight,health; aging; change; fear; curiosity; happiness,,false,,attributed_unverified,,,,,false,
q_0571,Edvard Munch,edvard-munch,Nature is not only all that is visible to the eye - it also includes the inner pictures of the soul.,creativity,nature; soul; visible,,false,,attributed_unverified,,,,,false,
q_0572,Edward Everett Hale,edward-everett-hale,"I am only one, but still I am one; I cannot do everything; but still I can do something; and because I cannot do everything, I will not refuse to do the something that I can do.",insight,action,,false,,attributed_unverified,,,,,false,
q_0573,Edward Tufte,edward-tufte,Design isn’t crafting a beautiful textured button with breathtaking animation. It’s figuring out if there’s a way to get rid of the button altogether.,design,,,false,,attributed_unverified,,,,,false,
q_0574,Edward Weston,edward-weston,A real artist is nothing if not a working person and a damn hard one.,creativity,artist; work; person; success,,false,,attributed_unverified,,,,,false,
q_0575,Edward Young,edward-young,Procrastination is the thief of time.,insight,time,,false,,attributed_unverified,,,,,false,
q_0576,Eero Saarinen,eero-saarinen,"Always design a thing by considering it in its next larger context - a chair in a room, a room in a house, a house in a environment, an environment in a city plan.",design,,,false,,attributed_unverified,,,,,false,
q_0577,Egon Schiele,egon-schiele,Art cannot be modern. Art is primordially eternal.,creativity,,Artist,false,,attributed_unverified,,,,,false,
q_0578,Eknath Easwaran,eknath-easwaran,"The ancestor of every destructive action, every destructive decision, is a negative thought.",insight,thinking; thoughts,,false,,attributed_unverified,,,,,false,
q_0579,Eknath Easwaran,eknath-easwaran,"There are three kinds of violence: one, through our deeds; two, through our words; and three, through our thoughts. ... The root of all violence is in the world of thoughts, and that is why training the mind is so important.",insight,thinking; thoughts; mind; action; speech,,false,,attributed_unverified,,,,,false,
q_0580,Eknath Easwaran,eknath-easwaran,Our deepest need is for the joy that comes with knowing we are of genuine use to others.,business,need; deep; knowledge; service; people; action; usefulness,,false,,attributed_unverified,,,,,false,
q_0581,Eknath Easwaran,eknath-easwaran,"Meditation may require a lifetime to master, but it will have been a lifetime well spent. ... If you want to judge your progress, ask yourself these questions: Am I more loving? Is my judgment sounder? Do I have more energy? Can my mind remain calm under provocation? Am I free from the conditioning of anger, fear, and greed? Spiritual awareness reveals itself as eloquently in character development and selfless action as in mystical states.",spirit,meditation; change; lifetime; master; judge; progress; questions; loving; energy; mind; calm; challenge; anger; fear; greed; spiritual; awareness; character; development; growth; action; mystical,,false,,attributed_unverified,,,,,false,
q_0582,Eknath Easwaran,eknath-easwaran,"Do not feed your ego and your problems, with your attention. ...Slowly, surely, the ego will lose weight, until one fine day it will be nothing but a thin ghost of its former self. You will be able to see right through it, to the divine presence that shines in each of us.",spirit,feed; ego; problems; difficulties; attention; nothing; ghost; self; see; divine; shine; presence,,false,,attributed_unverified,,,,,false,
q_0583,Eknath Easwaran,eknath-easwaran,"We have no need to teach pure motives to the mind. All that is necessary to make the mind pure is to undo the negative conditioning to which it has been subjected; then we will be left with pure, unconditioned awareness.",spirit,motivation; mind; teach; learn; pure; negative; awareness; conditioning,,false,,attributed_unverified,,,,,false,
q_0584,Eknath Easwaran,eknath-easwaran,Human relationships are the perfect tool for sanding away our rough edges and getting at the core of divinity within us.,relationships,tool; divinity; human; within; self,,false,,attributed_unverified,,,,,false,
q_0585,Eknath Easwaran,eknath-easwaran,"When mystics use the word love, they use it very carefully - in the deeply spiritual sense, where to love is to know; to love is to act. If you really love, from the depths of your consciousness, that love gives you a native wisdom. You perceive the needs of others intuitively and clearly, with detachment from any personal desires; and you know how to act creatively to meet those needs, dexterously surmounting any obstacle that comes in the way. Such is the immense, driving power of love.",relationships,mystic; love; spiritual; knowledge; action; depth; consciousness; wisdom; perception; need; intuition; clear; desire; creative; obstacle; power; vast,,true,,attributed_unverified,,,,,false,
q_0586,Elbert Hubbard,elbert-hubbard,"He who has achieved success has worked well, laughed often, and loved much.",insight,success; laughter; love,,false,,attributed_unverified,,,,,false,
q_0587,Eleanor Roosevelt,eleanor-roosevelt,The future belongs to those who believe in the beauty of their dreams.,insight,future; beauty; dreams,,true,,attributed_unverified,,,,,false,
q_0588,Eleanor Roosevelt,eleanor-roosevelt,Remember no one can make you feel inferior without your consent.,insight,inferior; feel; consent,,false,,attributed_unverified,,,,,false,
q_0589,Eleanor Roosevelt,eleanor-roosevelt,You must do the thing you think you cannot do.,insight,action; impossible; possible; think,,true,,attributed_unverified,,,,,false,
q_0590,Eleanor Roosevelt,eleanor-roosevelt,When will our consciences grow so tender that we will act to prevent human misery rather than avenge it?,relationships,conscience; vengence,,false,,attributed_unverified,,,,,false,
q_0591,Elias Canetti,elias-canetti,"Whenever you observe an animal closely, you feel as if a human being sitting inside were making fun of you.",insight,observe; animal; human; sit,,false,,attributed_unverified,,,,,false,
q_0592,Elie Wiesel,elie-wiesel,"What does mysticism mean? It means the way to attain knowledge. It's close to philosophy, except in philosophy you go horizontally while in mysticism you go vertically.",spirit,zen; mysticism; knowledge; philosophy; vertical,,false,,attributed_unverified,,,,,false,
q_0593,Eliza Tabor,eliza-tabor,"Disappointment to a noble soul is what cold water is to burning metal; it strengthens, tempers, intensifies, but never destroys.",insight,strength; difficulties,,false,,attributed_unverified,,,,,false,
q_0594,Elizabeth Berg,elizabeth-berg,"It is never about how good your voice is; it is only about feeling the urge to sing, and then having the courage to do it with the voice you are given.",creativity,good; voice; feeling; sing; courage; gift,,false,,attributed_unverified,,,,,false,
q_0595,Elizabeth J. Canham,elizabeth-j-canham,There is no freedom like seeing myself as I am and not losing heart.,insight,freedom; acceptance,,false,,attributed_unverified,,,,,false,
q_0596,Elizabeth Kubler Ross,elizabeth-kubler-ross,"The most beautiful people we have known are those who have known defeat, known suffering, known struggle, known loss, and have found their way out of the depths. These persons have an appreciation, a sensitivity, and an understanding of life that fills them with compassion, gentleness, and a deep loving concern. Beautiful people do not just happen.",insight,beauty; compassion; suffering; love; difficulty,,false,,attributed_unverified,,,,,false,
q_0597,Elizabeth Kubler-Ross,elizabeth-kubler-ross,"People are like stained-glass windows. They sparkle when the sun is out, but when the darkness sets in, their true beauty is revealed only if there is a light from within.",insight,light; darkness; beauty; within,,false,,attributed_unverified,,,,,false,
q_0598,Elizabeth Kübler-Ross,elizabeth-kübler-ross,"It is only when we truly know and understand that we have a limited time on earth, and that we have no way of knowing when our time is up, that we will begin to live each day to the fullest; as if it was the only one we had.",insight,time; earth; knowing; live; fullness,,true,,attributed_unverified,,,,,false,
q_0599,Elon Musk,elon-musk,Any product that needs a manual to work is broken.,design,,Entrepreneur,false,,attributed_unverified,,,,,false,
q_0600,Elwyn Brooks White,elwyn-brooks-white,"If the world were merely seductive, that would be easy. If it were merely challenging, that would be no problem. But I arise in the morning torn between a desire to improve the world and a desire to enjoy the world. This makes it hard to plan the day.",insight,world; challenges; enjoyment,,false,,attributed_unverified,,,,,false,
q_0601,Emerson,emerson,A friend may well be reckoned the masterpiece of nature.,relationships,masterpiece; nature; friend,Philosopher,false,,attributed_unverified,,,,,false,
q_0602,Emile Henry Gauvreau,emile-henry-gauvreau,I was part of that strange race of people aptly described as spending their lives doing things they detest to make money they don't want to buy things they don't need to impress people they dislike.,humor,people; money; finance; dislike,,false,,attributed_unverified,,,,,false,
q_0603,Emily Dickinson,emily-dickinson,"Unable are the loved to die, for love is immortality.",relationships,death; life; love,,false,,attributed_unverified,,,,,false,
q_0604,Emily Kimbrough,emily-kimbrough,"Remember, we all stumble, every one of us. That's why it's a comfort to go hand in hand.",relationships,path; support; help; comfort,,false,,attributed_unverified,,,,,false,
q_0605,Empedocles,empedocles,The nature of God is a circle of which the center is everywhere and the circumference is nowhere.,spirit,nondual; unity; oneness,,false,,attributed_unverified,,,,,false,
q_0606,Eric Allenbaugh,eric-allenbaugh,Every choice moves us closer to or farther away from something. Where are your choices taking your life? What do your behaviors demonstrate that you are saying yes or no to in life?,insight,choice; life,,false,,attributed_unverified,,,,,false,
q_0607,Eric Hoffer,eric-hoffer,"In a world of change the learners will inherit the earth, while the learned will find themselves beautifully equipped for a world that no longer exists.",insight,change; world; learning,,false,,attributed_unverified,,,,,false,
q_0608,Eric Shinseki,eric-shinseki,"If you don’t like change, you’re going to like irrelevance even less.",business,work; change; humor; flexibility,,true,,attributed_unverified,,,,,false,
q_0609,Erica Jong,erica-jong,Sex and creativity are often seen by dictators as subversive activities.,creativity,freedom,,false,,attributed_unverified,,,,,false,
q_0610,Erick Golnik,erick-golnik,"Win as if you were used to it, lose as if you enjoyed it for a change.",insight,win; lose; enjoy,,false,,attributed_unverified,,,,,false,
q_0611,Erma Bombeck,erma-bombeck,"When I stand before God at the end of my life, I would hope that I would not have a single bit of talent left and could say, I used everything you gave me.",spirit,god; life; death; hope; talent; purpose; work,,false,,attributed_unverified,,,,,false,
q_0612,Ernest Hemingway,ernest-hemingway,"It is good to have an end to journey toward; but it is the journey that matters, in the end.",,purpose; destination,,false,,attributed_unverified,,,,,false,
q_0613,Ernest Hemingway,ernest-hemingway,There is nothing noble in being superior to your fellow man; true nobility is being superior to your former self.,,growth; self-improvement,,true,,attributed_unverified,,,,,false,
q_0614,Ernst Bloch,ernst-bloch,Every step in human progress in contingent on our ability to daydream.,insight,dream; progress; human; ability,,false,,attributed_unverified,,,,,false,
q_0615,Ethiopian proverb,ethiopian-proverb,"When spider webs unite, they can tie up a lion.",relationships,animals; lion; spider; web; teamwork; unite; together; strength,,false,,attributed_unverified,,,,,false,
q_0616,Euripides,euripides,A bad beginning makes a bad ending.,insight,,"Ancient Greek, Playwright",false,,attributed_unverified,,,,,false,
q_0617,Evan Esar,evan-esar,Never put off enjoyment because there's no time like the pleasant.,humor,time; pleasure; enjoyment,,false,,attributed_unverified,,,,,false,
q_0618,Flannery O’Connor,flannery-oconnor,I write because I don’t know what I think until I read what I say.,creativity,discover; thought; read; write; create,,false,,attributed_unverified,,,,,false,
q_0619,Flavius,flavius,He is invited to great things who receives small things greatly.,insight,great; perception,,false,,attributed_unverified,,,,,false,
q_0620,Florence Nightingale,florence-nightingale,"You ask me why I do not write something... I think one's feelings waste themselves in words, they ought all to be distilled into actions and into actions which bring results.",insight,write; action; words; results,,false,,attributed_unverified,,,,,false,
q_0621,Florence Scovel Shinn,florence-scovel-shinn,"Every great work, every great accomplishment, has been brought into manifestation through holding to the vision, and often just before the big achievement comes apparent failure and discouragement.",business,vision; work; accomplishment; failure,,false,,attributed_unverified,,,,,false,
q_0622,Francis Bacon,francis-bacon,"If we begin with certainties, we shall end in doubts; but if we begin with doubts, and are patient in them, we shall end in certainties.",insight,doubt; certainty,,false,,attributed_unverified,,,,,false,
q_0623,Francois Mauriac,francois-mauriac,To love someone is to see a miracle invisible to others.,insight,love; miracle; invisible,,false,,attributed_unverified,,,,,false,
q_0624,Frank A. Clark,frank-a-clark,"Criticism, like rain, should be gentle enough to nourish a man's growth without destroying his roots.",creativity,growth; person; nourish; roots; gentle; criticism; rain; destroy,,false,,attributed_unverified,,,,,false,
q_0625,Frank Goble,frank-goble,"Because of their courage, their lack of fear, they (creative people) are willing to make silly mistakes. The truly creative person is one who can think crazy; such a person knows full well that many of his great ideas will prove to be worthless. The creative person is flexible -- he is able to change as the situation changes, to break habits, to face indecision and changes in conditions without undue stress. He is not threatened by the unexpected as rigid, inflexible people are.",creativity,courage; flexibility; mistakes; crazy; person; ideas; worthless; change; habit; stress; unexpected,,false,,attributed_unverified,,,,,false,
q_0626,Frank Lloyd Wright,frank-lloyd-wright,"I believe in God, only I spell it N-A-T-U-R-E.",spirit,god; nature,Architect,true,,attributed_unverified,,,,,false,
q_0627,Frank Lloyd Wright,frank-lloyd-wright,You can use an eraser on the drafting table or a sledge hammer on the construction site.,design,architecture; design,Architect,false,,attributed_unverified,,,,,false,
q_0628,Frank Lloyd Wright,frank-lloyd-wright,The thing always happens that you really believe in; and the belief in a thing makes it happen.,creativity,belief; creation; perception,Architect,false,,attributed_unverified,,,,,false,
q_0629,Franklin P. Jones,franklin-p-jones,Experience is that marvelous thing that enables you to recognize a mistake when you make it again.,humor,mistake; experience; recognize,,false,,attributed_unverified,,,,,false,
q_0630,Fred A. Clark,fred-a-clark,Its hard to detect good luck - it looks so much like something you've earned.,insight,luck; good; perception,,false,,attributed_unverified,,,,,false,
q_0631,Frederick B. Wilcox,frederick-b-wilcox,Progress always involves risk. You can’t steal second base and keep your foot on first.,business,progress; risk; success; safety,,false,,attributed_unverified,,,,,false,
q_0632,French Proverb,french-proverb,There is no pillow so soft as a clear conscience.,insight,conscience,,false,,attributed_unverified,,,,,false,
q_0633,Friedrich Daniel Ernst Schleiermacher,friedrich-daniel-ernst-schleiermacher,No choicer gift can any man give to another than his spirit’s intimate conversation with itself.,creativity,gift; spirit; conversation; self; give; service; artist,,true,,attributed_unverified,,,,,false,
q_0634,Fyodor Dostoyevsky,fyodor-dostoyevsky,"We must love only occasionally, for a moment, but forever.",relationships,love; forever; consistent,"Author, Russian",false,,attributed_unverified,,,,,false,
q_0635,Gabrielle Roth,gabrielle-roth,"Your body is the ground and metaphor of your life, the expression of your existence. It is your Bible, your encyclopedia, your life story. Everything that happens to you is stored and reflected in your body. In the marriage of flesh and spirit, divorce is impossible.",insight,body; spirit; reflection,,false,,attributed_unverified,,,,,false,
q_0636,Gail Sheehy,gail-sheehy,To be tested is good. The challenged life may be the best therapist.,insight,learning; challenges; life,,false,,attributed_unverified,,,,,false,
q_0637,Galileo,galileo,You can’t teach an man anything; you can only help him to find it within himself.,insight,learning; teach; person; discover,,false,,attributed_unverified,,,,,false,
q_0638,Galileo Galilei,galileo-galilei,"The sun, with all those planets revolving around it and dependent upon it, can still ripen a bunch of grapes as if it had nothing else in the universe to do.",spirit,sun; fruit; ripe; universe; planets; dependent,,false,,attributed_unverified,,,,,false,
q_0639,Galileo Galilei,galileo-galilei,You cannot teach a man anything. You can only help him discover it within himself.,insight,discovery; teach; learning; self; within,,false,,attributed_unverified,,,,,false,
q_0640,Galileo Galilei,galileo-galilei,I have loved the stars too fondly to be fearful of the night.,spirit,stars; love; night; fear,,true,,attributed_unverified,,,,,false,
q_0641,Mahatma Gandhi,mahatma-gandhi,Wealth without work,spirit,causality; violence; mistake; wealth; work; pleasure; conscience; knowledge; character; business; morality; science; humanity; religion; sacrifice; politics; principles; responsibility,"Civil Rights Leader, India",false,,attributed_unverified,,,,,false,
q_0642,Mahatma Gandhi,mahatma-gandhi,Pleasure without conscience,spirit,causality; violence; mistake; wealth; work; pleasure; conscience; knowledge; character; business; morality; science; humanity; religion; sacrifice; politics; principles; responsibility,"Civil Rights Leader, India",false,,attributed_unverified,,,,,false,
q_0643,Mahatma Gandhi,mahatma-gandhi,Knowledge without character,spirit,causality; violence; mistake; wealth; work; pleasure; conscience; knowledge; character; business; morality; science; humanity; religion; sacrifice; politics; principles; responsibility,"Civil Rights Leader, India",false,,attributed_unverified,,,,,false,
q_0644,Mahatma Gandhi,mahatma-gandhi,Commerce without morality,spirit,causality; violence; mistake; wealth; work; pleasure; conscience; knowledge; character; business; morality; science; humanity; religion; sacrifice; politics; principles; responsibility,"Civil Rights Leader, India",false,,attributed_unverified,,,,,false,
q_0645,Mahatma Gandhi,mahatma-gandhi,Science without humanity,spirit,causality; violence; mistake; wealth; work; pleasure; conscience; knowledge; character; business; morality; science; humanity; religion; sacrifice; politics; principles; responsibility,"Civil Rights Leader, India",false,,attributed_unverified,,,,,false,
q_0646,Mahatma Gandhi,mahatma-gandhi,Worship without sacrifice,spirit,causality; violence; mistake; wealth; work; pleasure; conscience; knowledge; character; business; morality; science; humanity; religion; sacrifice; politics; principles; responsibility,"Civil Rights Leader, India",false,,attributed_unverified,,,,,false,
q_0647,Mahatma Gandhi,mahatma-gandhi,Politics without principles,spirit,causality; violence; mistake; wealth; work; pleasure; conscience; knowledge; character; business; morality; science; humanity; religion; sacrifice; politics; principles; responsibility,"Civil Rights Leader, India",false,,attributed_unverified,,,,,false,
q_0648,Mahatma Gandhi,mahatma-gandhi,Rights without responsibilities,spirit,causality; violence; mistake; wealth; work; pleasure; conscience; knowledge; character; business; morality; science; humanity; religion; sacrifice; politics; principles; responsibility,"Civil Rights Leader, India",false,,attributed_unverified,,,,,false,
q_0649,Gary Zukav,gary-zukav,"By choosing your thoughts, and by selecting which emotional currents you will release and which you will reinforce, you determine the quality of your light. You determine the effects that you will have upon others, and the nature of the experiences of your life.",insight,thoughts; thinking; life; emotions; light,,false,,attributed_unverified,,,,,false,
q_0650,Gary Zukav,gary-zukav,"Please… tell me who you are and what you want. And if you think those are simple questions, keep in mind that most people live their entire lives without arriving at an answer.",insight,desire; life; question; answer,,false,,attributed_unverified,,,,,false,
q_0651,Geoffrey F. Abert,geoffrey-f-abert,Prosperity depends more on wanting what you have than having what you want.,insight,abundance; desire,,false,,attributed_unverified,,,,,false,
q_0652,George Bernard Shaw,george-bernard-shaw,"Miracles, in the sense of phenomena we cannot explain, surround us on every hand: life itself is the miracle of miracles.",insight,miracle; life; mystery,Author,false,,attributed_unverified,,,,,false,
q_0653,George Bernard Shaw,george-bernard-shaw,Life is no brief candle for me. It is a sort of splendid torch which I have got to hold up for the moment and I want to make it burn as brightly as possible before handing it on to future generations.,insight,life; fire; torch; burn; bright; future; time,Author,false,,attributed_unverified,,,,,false,
q_0654,George Bernard Shaw,george-bernard-shaw,"I want to be thoroughly used up when I die, for the harder I work, the more I love. I rejoice in life for its own sake.",insight,rejoice; life; death; work; love,Author,false,,attributed_unverified,,,,,false,
q_0655,George Bernard Shaw,george-bernard-shaw,No question is so difficult to answer as that to which the answer is obvious.,insight,question; difficult; obvious; answer,Author,true,,attributed_unverified,,,,,false,
q_0656,George Bernard Shaw,george-bernard-shaw,"""You see things; and you say, 'Why?' But I dream things that never were; and I say, 'Why not?'""",creativity,perception; dream; see,Author,true,,attributed_unverified,,,,,false,
q_0657,George Bernard Shaw,george-bernard-shaw,We don't stop playing because we grow old; we grow old because we stop playing.,creativity,play; aging; old,Author,true,,likely_misattributed,,,,No Shaw source; sometimes attributed to Satchel Paige.,false,No Shaw source; sometimes attributed to Satchel Paige.
q_0658,George Bernard Shaw,george-bernard-shaw,Do not follow where the path may lead. Go instead where there is no path and leave a trail.,creativity,path; trail; follow; discover; exploration,Author,false,,attributed_unverified,,,,,false,
q_0659,George Bernard Shaw,george-bernard-shaw,Al great truths begin as blasphemies.,insight,truth; begin,Author,false,,attributed_unverified,,,,,false,
q_0660,George Burns,george-burns,"Acting’s about truth. If you can fake that, you’ve got it made.",humor,truth; acting; fake,,false,,attributed_unverified,,,,,false,
q_0661,George Eliot,george-eliot,No soul is desolate as long as there is a human being for whom it can feel trust and reverence.,relationships,lonely; human; feel; trust; reverence,,false,,attributed_unverified,,,,,false,
q_0662,George Eliot,george-eliot,"There is no despair so absolute as that which comes with the first moments of our first great sorrow, when we have not yet known what it is to have suffered and be healed, to have despaired and recovered hope.",relationships,despair; grief; sorry; suffer; healing; hope,,false,,attributed_unverified,,,,,false,
q_0663,George Lucas,george-lucas,The secret is not to give up hope. It's very hard not to because if you're really doing something worthwhile I think you will be pushed to the brink of hopelessness before you come through the other side.,business,secret; hope; difficulties; hopeless; breakthrough,,false,,attributed_unverified,,,,,false,
q_0664,George Nelson,george-nelson,You don’t think your way to creative work. You work your way to creative thinking.,design,creativity,,false,,attributed_unverified,,,,,false,
q_0665,George S. Claso,george-s-claso,A lean purse is easier to cure than endure.,business,money; finances; cure,,false,,attributed_unverified,,,,,false,
q_0666,George Washington Carver,george-washington-carver,"How far you go in life depends on you being tender with the young, compassionate with the aged, sympathetic with the striving and tolerant of the weak and the strong. Because someday in life you will have been all of these.",insight,life; compassion; sympathy; tolerance; strong; weak,,false,,attributed_unverified,,,,,false,
q_0667,George Washington Carver,george-washington-carver,"When you do the common things in life in an uncommon way, you will command the attention of the world.",business,attention; action; common; exceptional; world; success,,true,,attributed_unverified,,,,,false,
q_0668,Georgia O'Keeffe,georgia-okeeffe,I feel there is something unexplored about women that only a woman can explore.,creativity,artist; explore; women,,false,,attributed_unverified,,,,,false,
q_0669,Gerald Jampolsky,gerald-jampolsky,"Peace of mind comes from not wanting to change others, but by simply accepting them as they are. True acceptance is always without demands and expectations.",insight,peace; acceptance,,false,,attributed_unverified,,,,,false,
q_0670,Gertrude Stein,gertrude-stein,"It takes a lot of time to be a genius, you have to sit around so much doing nothing, really doing nothing.",creativity,genius; nothing; time; sit,,false,,attributed_unverified,,,,,false,
q_0671,Gertrude Stein,gertrude-stein,"When you get there, there isn't any there there.",spirit,zen; journey,,false,,attributed_unverified,,,,,false,
q_0672,Glenda Cloud,glenda-cloud,"Change is inevitable, growth is intentional.",insight,change; growth,,false,,attributed_unverified,,,,,false,
q_0673,Glenn Clark,glenn-clark,"If you wish to travel far and fast, travel light. Take off all your envies, jealousies, unforgiveness, selfishness, and fears.",insight,fear; forgiveness,,false,,attributed_unverified,,,,,false,
q_0674,Gloria Steinem,gloria-steinem,The truth will set you free... but it will piss you off first.,insight,humor; truth; freedom,,false,,attributed_unverified,,,,,false,
q_0675,Goethe,goethe,Nothing is worth more than this day.,insight,appreciation; today,"Author, German",false,,attributed_unverified,,,,,false,
q_0676,Goethe,goethe,"Until one is committed, there is hesitancy, the chance to draw back, always ineffectiveness. Concerning all acts of initiative (and creation), there is one elementary truth the ignorance of which kills countless ideas and splendid plans: that the moment one definitely commits oneself... then providence moves too. All sorts of things occur to help one that would never otherwise have occurred. A whole stream of events issues from the decision, raising in one’s favor all manner of unforeseen incidents and meetings and material assistance, which no man could have dreamed would have come his way. Whatever you can do, or dream you can, begin it. Boldness has genius, power, and magic in it. Begin it now!",creativity,commitment; action; creation; creativity; truth; ignorance; kill; ideas; plans; providence; support; success; perseverance; dream genius,"Author, German",true,,attributed_unverified,,,,,false,
q_0677,Goethe,goethe,"The older I grow, the more I trust in the law by which the rose and the lily bloom.",spirit,rose; flower; bloom; law; aging; trust; nature,"Author, German",false,,attributed_unverified,,,,,false,
q_0678,Golda Meir,golda-meir,"I must govern the clock, not be governed by it.",creativity,time; focus,,false,,attributed_unverified,,,,,false,
q_0679,Goya,goya,"Fantasy abandoned by reason produces impossible monsters. United with her, she is the mother of the arts and the origin of their marvels.",creativity,fantasy; reason; monster; mother; art; origin; unite,,false,,attributed_unverified,,,,,false,
q_0680,Grace Lichtenstein,grace-lichtenstein,Adventure can be an end in itself. Self-discovery is the secret ingredient that fuels daring.,creativity,adventure; discovery; self; secret; fuel; daring; end,,false,,attributed_unverified,,,,,false,
q_0681,Greg Anderson,greg-anderson,Only one thing has to change for us to know happiness in our lives: where we focus our attention.,insight,change; happiness; focus,,false,,attributed_unverified,,,,,false,
q_0682,Gregory David Roberts,gregory-david-roberts,"The truth is that we are all, every one of us, every atom, every galaxy, and every particle of matter in the universe, moving toward God.",spirit,truth; oneness; universe; god; atom; galaxy; space; movement; awareness; self; people,,false,,attributed_unverified,,,,,false,
q_0683,Groucho Marx,groucho-marx,"I'm not crazy about reality, but it's still the only place to get a decent meal.",humor,reality; food,,false,,attributed_unverified,,,,,false,
q_0684,Gurdjieff,gurdjieff,"Real love is a cosmic force which goes through us. If we crystallize it, it becomes the greatest power in the world.",spirit,,,false,,attributed_unverified,,,,,false,
q_0685,Gustave Flaubert,gustave-flaubert,Talent is nothing but long patience.,creativity,talent; patience,,false,,attributed_unverified,,,,,false,
q_0686,H. G. Wells,h-g-wells,We must not allow the clock and the calendar to blind us to the fact that each moment of life is a miracle and mystery.,insight,time; miracle,Author,false,,attributed_unverified,,,,,false,
q_0687,Dalai Lama,dalai-lama,"Love and compassion are necessities, not luxuries. Without them humanity cannot survive.",relationships,love; compassion; humanity; survival,"Buddhist, Tibetan",false,,attributed_unverified,,,,,false,
q_0688,H. L. Mencken,h-l-mencken,"For every complex problem there is an answer that is clear, simple, and wrong.",,simplicity; complexity,,false,,attributed_unverified,,,,,false,
q_0689,Hafiz,hafiz,Pulling out the chair beneath your mind and watching you fall upon God - what else is there for Hafiz to do that is any fun in this world!,humor,god; chair; fun; world,"Sufi, Mystic, Poet",false,,attributed_unverified,,,,,false,
q_0690,Hafiz,hafiz,You will find yourself knee-deep in ecstasy when all your talents to love have reached their heights.,spirit,ecstasy; love; talent; mystical; sufi; height,"Sufi, Mystic, Poet",false,,attributed_unverified,,,,,false,
q_0691,Hans Hofmann,hans-hofmann,The ability to simplify means to eliminate the unnecessary so that the necessary may speak.,design,simplicity,,true,,attributed_unverified,,,,,false,
q_0692,Harold Thurman Whitman,harold-thurman-whitman,"Don't ask yourself what the world needs, ask yourself what makes you come alive and do that. Because what the world needs is people who have come alive.",business,world; need; self; life; action; people; motivation; purpose; success,,false,,attributed_unverified,,,,,false,
q_0693,Harriet Beecher Stowe,harriet-beecher-stowe,"When you get in a tight place and everything goes against you till it seems as though you could not hold on a minute longer, never give up then, for that is just the time and the place the tide will turn.",insight,transformation; change; opposition; difficulty,,false,,attributed_unverified,,,,,false,
q_0694,Harriet Tubman,harriet-tubman,"Every great dream begins with a dreamer. Always remember, you have within you the strength, the patience, and the passion to reach for the stars to change the world.",insight,dream; strength; passion; change,,false,,attributed_unverified,,,,,false,
q_0695,Harry Emerson Fosdick,harry-emerson-fosdick,I would rather live in a world where my life is surrounded by mystery than live in a world so small that my mind could comprehend it.,spirit,life; world; mystery; small; mind; understanding; thought,,false,,attributed_unverified,,,,,false,
q_0696,Helen Keller,helen-keller,"When we do the best we can, we never know what miracle is wrought in our life, or in the life of another.",insight,miracle; life,,false,,attributed_unverified,,,,,false,
q_0697,Helen Keller,helen-keller,"No pessimist ever discovered the secrets of the stars, or sailed to an enchanted land or opened a new doorway to the human spirit.",insight,pessimism; spirit; discovery; stars; journey; open,,false,,attributed_unverified,,,,,false,
q_0698,Helen Keller,helen-keller,"Character cannot be developed in ease and quiet. Only through experience of trial and suffering can the soul be strengthened, ambition inspired, and success achieved.",insight,character; experience; suffering; success; quiet,,false,,attributed_unverified,,,,,false,
q_0699,Helen Keller,helen-keller,Many persons have a wrong idea of what constitutes true happiness. It is not attained through self-gratification but through fidelity to a worthy purpose.,insight,purpose; happiness; self; gratification; worth,,false,,attributed_unverified,,,,,false,
q_0700,Helen Keller,helen-keller,The greatest tragedy in life is people who have sight but no vision.,insight,life; vision; tragedy; sight,,false,,attributed_unverified,,,,,false,
q_0701,Helen Keller,helen-keller,"When one door of happiness closes, another opens; but often we look so long at the closed door that we do not see the one which has opened for us.",insight,opportunity; perception; door; look; open,,false,,attributed_unverified,,,,,false,
q_0702,Helen Keller,helen-keller,Security is mostly a superstition. It does not exist in nature... life is either a daring adventure or it is nothing at all.,insight,security; superstition; nature; adventure; nothing; life,,false,,attributed_unverified,,,,,false,
q_0703,Henri Bergson,henri-bergson,"To exist is to change, to change is to mature, to mature is to go on creating oneself endlessly.",insight,existence; change; mature; creation,,false,,attributed_unverified,,,,,false,
q_0704,Henri Frederic Amiel,henri-frederic-amiel,"Conquering any difficulty always gives one a secret joy, for it means pushing back a boundary-line and adding to one's liberty.",insight,difficulties; joy; growth; freedom,,false,,attributed_unverified,,,,,false,
q_0705,Henri Frederic Amiel,henri-frederic-amiel,The man who has no inner life is the slave of his surroundings.,insight,self; life,,false,,attributed_unverified,,,,,false,
q_0706,Henri Matisse,henri-matisse,Much of the beauty that arises in art comes from the struggle an artist wages with his limited medium.,creativity,art,,false,,attributed_unverified,,,,,false,
q_0707,Henry David Thoreau,henry-david-thoreau,All change is a miracle to contemplate; but it is a miracle which is taking place every second.,insight,change; miracle; time,,false,,attributed_unverified,,,,,false,
q_0708,Henry David Thoreau,henry-david-thoreau,"As a single footstep will not make a path on the earth, so a single thought will not make a pathway in the mind. To make a deep physical path, we walk again and again. To make a deep mental path, we must think over and over the kind of thoughts we wish to dominate our lives.",insight,path; walk; mind; thought; dominate; life; intention,,false,,attributed_unverified,,,,,false,
q_0709,Henry David Thoreau,henry-david-thoreau,Money is not required to buy one necessity of the soul.,business,money; soul,,false,,attributed_unverified,,,,,false,
q_0710,Henry David Thoreau,henry-david-thoreau,"If you advance confidently in the direction of your dreams, and endeavor to live the life you have imagined, you will meet with a success unexpected in common hours. You will pass an invisible boundary: new, universal and more liberal laws will begin to establish themselves around and within you and you will live with a higher order of beings. If you have built castles in the air, your work need not be lost; that is where they should be. Now put the foundation under them.",creativity,direction; dreams; live; life; common; success; invisible; boundary; universal; laws within; self; higher; being; castles; air; work; lost; foundation; artist,,true,,attributed_unverified,,,,,false,
q_0711,Henry Drummond,henry-drummond,You will find as you look back upon your life that the moments when you have truly lived are the moments when you have done things in the spirit of love.,relationships,reflection; life; spirit; love; action; look,,false,,attributed_unverified,,,,,false,
q_0712,Henry Ford,henry-ford,"If I had asked people what they wanted, they would have said faster horses.",design,,,false,,attributed_unverified,,,,,false,
q_0713,Henry Ford,henry-ford,"Many people think that by hoarding money they are gaining safety for themselves. If money is your only hope for independence, you will never have it. The only real security that a person can have in this world is a reserve of knowledge, experience, and ability. Without these qualities, money is practically useless.",business,money; security; safety; independence; people; world; knowledge; experience; action; skill,,false,,attributed_unverified,,,,,false,
q_0714,Henry Ford,henry-ford,"Whether you think you can do it or you think you can’t do it, you’re probably right.",business,thought; perception; possibility; action; success; failure; attitude,,true,,attributed_unverified,,,,,false,
q_0715,Henry James,henry-james,Three things in human life are important. The first is to be kind. The second is to be kind. And the third is to be kind.,insight,kindness; life,,false,,attributed_unverified,,,,,false,
q_0716,Henry James,henry-james,Three things in human life are important. The first is to be kind. The second is to be kind. The third is to be kind.,relationships,kindness; life; importance,,false,,attributed_unverified,,,,,false,
q_0717,Henry Miller,henry-miller,The full and joyful acceptance of the self is the only sure way of transforming it.,insight,self; joy; acceptance; transformation,,false,,attributed_unverified,,,,,false,
q_0718,Henry Miller,henry-miller,"Life has no other discipline to impose, if we would but realize it, than to accept life unquestioningly. Everything we shut our eyes to, everything we run away from, everything we deny, denigrate or despise, serves to defeat us in the end. What seems nasty, painful, evil, can become a source of beauty, joy and strength, if faced with an open mind. Every moment is a golden one for him who has the vision to recognize as such.",insight,life; discipline; defeat; end; evil; beauty; joy; strength; open; mind; vision; acceptance,,true,,attributed_unverified,,,,,false,
q_0719,Henry Miller,henry-miller,What sustains the artist is the look of love in the eyes of the beholder.,creativity,artist; art; love,,false,,attributed_unverified,,,,,false,
q_0720,Henry Van Dyke,henry-van-dyke,"Time is too slow for those who wait, too swift for those who fear, too long for those who grieve, too short for those who rejoice, but for those who love, time is eternity.",insight,time; love; eternity; fear; grieve,,true,,attributed_unverified,,,,,false,
q_0721,Henry Van Dyke,henry-van-dyke,Use what talents you possess; the woods would be very silent if no birds sang except those that sang best.,creativity,talent; possess; woods; birds; sing; best; silent; action,,false,,attributed_unverified,,,,,false,
q_0722,Henry Van Dyke,henry-van-dyke,There is a loftier ambition than merely to stand high in the world. It is to stoop down and lift mankind a little higher.,relationships,ambition; high; help; support; humankind; generosity,,false,,attributed_unverified,,,,,false,
q_0723,Henry Wadsworth Longfellow,henry-wadsworth-longfellow,"Would you learn the secret of the sea? / Only those who brave its dangers, / comprehend its mystery!",insight,sea; ocean; mystery; secret; understanding,,false,,attributed_unverified,,,,,false,
q_0724,Henry Ward Beecher,henry-ward-beecher,A man’s true state of power and riches is to be in himself.,insight,wealth; power,,false,,attributed_unverified,,,,,false,
q_0725,Henry Ward Beecher,henry-ward-beecher,"Every artist dips his brush in his own soul, and paints his own nature into his pictures.",creativity,nature; soul; brush; artist; picture,,false,,attributed_unverified,,,,,false,
q_0726,Henry Youngman,henry-youngman,I've already got all the money I'll ever need - if I die by four o'clock this afternoon.,humor,money; death,,false,,attributed_unverified,,,,,false,
q_0727,Heraclitus,heraclitus,"To transcend personality, you must descend to the source of personality.",insight,personality; self; transcend; source; greek,,false,,attributed_unverified,,,,,false,
q_0728,Herm Albright,herm-albright,"A positive attitude may not solve all your problems, but it will annoy enough people to make it worth the effort.",humor,attitude; positive; irritation,,false,,attributed_unverified,,,,,false,
q_0729,Herman Hesse,herman-hesse,"The world is not imperfect or slowly evolving along a path to perfection. No, it is perfect every moment. Every sin already carries grace in it.",spirit,world; perfection; imperfect; evolution; moment; sin; grace,,false,,attributed_unverified,,,,,false,
q_0730,Herman Hesse,herman-hesse,"I lost a great deal... violating those dreams of love. One shouldn’t do that. When you know something about Abraxas, you cannot do this any longer. You aren’t allowed to be afraid of anything, you can’t consider prohibited anything that the soul desires.”",spirit,loss; soul; god; fear; desire,,false,,attributed_unverified,,,,,false,
q_0731,Herman Hesse,herman-hesse,There are numerous ways in which God can make us lonely and lead us back to ourselves.,spirit,lonely; god; direction; self,,false,,attributed_unverified,,,,,false,
q_0732,Herman Hesse,herman-hesse,One who says no to himself cannot say yes to God.,spirit,yes; no; self; god,,false,,attributed_unverified,,,,,false,
q_0733,Herman Hesse,herman-hesse,The life of a hedonist is the best preparation for being a mystic.,spirit,mystic; hedonist; preparation,,false,,attributed_unverified,,,,,false,
q_0734,Herman Hesse,herman-hesse,"Prayer is as holy, as sanctifying as song. Prayer is trust, is confirmation. Whoever prays truly does not ask for anything, he merely recounts his condition and his wants, he sings forth his suffering and his thanks, as little children sing. So the blessed hermits prayed in their oasis among the deer... So trees also pray, and animals. In the pictures of a good painter, every tree and every mountain prays.",spirit,prayer; song; trust; ask; desire; sing; suffering; gratitude; children; hermit; trees; animals; painter; artist; mountain; art,,false,,attributed_unverified,,,,,false,
q_0735,Hildegard von Bingen,hildegard-von-bingen,"We shall awaken from our dullness and rise vigorously toward justice. If we fall in love with Creation more and more deeply, we will respond to its endangerment with a sacred passion.",spirit,justice; creation; awaken; love; deep; respond; threat; passion; sacred; protect,,false,,attributed_unverified,,,,,false,
q_0736,Hindu Proverb,hindu-proverb,"When we take one step toward God, God takes seven steps toward us.",spirit,step; god; self; intention; support; help,,false,,attributed_unverified,,,,,false,
q_0737,Hindu Proverb,hindu-proverb,"If God wished to hide, God would chose man to hide in.",spirit,god; human; hide; self,,false,,attributed_unverified,,,,,false,
q_0738,Hippocrates,hippocrates,"Let food be your medicine, and medicine be your food.",spirit,food; medicine; health,,false,,attributed_unverified,,,,,false,
q_0739,"Hodding Carter, Jr.",hodding-carter-jr,There are two lasting bequests we can give our children: One is roots. The other is wings.,relationships,roots; wings; children; give,,false,,attributed_unverified,,,,,false,
q_0740,Horace,horace,Well begun is half done.,business,work; beginning,,false,,attributed_unverified,,,,,false,
q_0741,"Hubert Selby, Jr.",hubert-selby-jr,Sometimes we have the absolute certainty that there's something inside us that's so hideous and monstrous that if we ever search it out we won't be able to stand looking at it. But it's when we're willing to come face to face with that demon that we face the angel.,insight,self; demon; angel; look,,false,,attributed_unverified,,,,,false,
q_0742,"Hubert Selby, Jr.",hubert-selby-jr,"Being an artist doesn't take much, just everything you got. Which means, of course, that as the process is giving you life, it is also bringing you closer to death. But it's no big deal. They are one and the same and cannot be avoided or denied. So when I totally embrace this process, this life/death, and abandon myself to it, I transcend all this meaningless gibberish and hang out with the gods. It seems to me that that is worth the price of admission.",creativity,art; artist; life; giving; death; embrace; transcend; gods; price; worth,,true,,attributed_unverified,,,,,false,
q_0743,Huston Smith,huston-smith,All other attributes of a realized being must be relativized against this one absolute: an acute sense of the astonishing mystery of everything.,,,,false,,attributed_unverified,,,,,false,
q_0744,IDEO,ideo,Enlightened trial and error succeeds over the planning of the lone genius.,design,teamwork; design,,false,,attributed_unverified,,,,,false,
q_0745,Ifeanyi Onuoha,ifeanyi-onuoha,Teamwork is the secret that makes common people achieve uncommon results.,,teamwork,,false,,attributed_unverified,,,,,false,
q_0746,Imogen Cunningham,imogen-cunningham,Which of my photographs is my favorite? The one I’m going to take tomorrow.,creativity,photograph; image; photographer; artist; tomorrow; favorite,,false,,attributed_unverified,,,,,false,
q_0747,Indian Proverb,indian-proverb,"When you were born, you cried and the world rejoiced. Live your life in such a way so that when you die, the world cries and you rejoice.",insight,life; cry; rejoice; death; world,,false,,attributed_unverified,,,,,false,
q_0748,Indira Gandhi,indira-gandhi,My grandfather once told me that there were two kinds of people: those who do the work and those who take the credit. He told me to try to be in the first group; there was much less competition.,business,work; credit; competition,,false,,attributed_unverified,,,,,false,
q_0749,"Inscribed on St. Paul's Monastery, Mt. Athos",inscribed-on-st-pauls-monastery-mt-athos,"If you die before you die, then you won't die when you die.",spirit,death awareness,,false,,attributed_unverified,,,,,false,
q_0750,Irish Proverb,irish-proverb,Give cheerfully with one hand and you will gather well with two.,insight,giving; receiving,,false,,attributed_unverified,,,,,false,
q_0751,Irish Proverb,irish-proverb,"God is good, but never dance in a small boat.",humor,god; good; boat; dance,,false,,attributed_unverified,,,,,false,
q_0752,Isaac Mizrahi,isaac-mizrahi,Style makes you feels great because it takes your mind off the fact that you're going to die.,humor,style; death,,false,,attributed_unverified,,,,,false,
q_0753,Italian Proverb,italian-proverb,Often he who does too much does too little.,business,productivity; action; small,,false,,attributed_unverified,,,,,false,
q_0754,J. L. Borges,j-l-borges,To die for a religion is easier than to live it absolutely.,insight,religion; death; easy,,false,,attributed_unverified,,,,,false,
q_0755,Jack Kornfield,jack-kornfield,"The greater the challenge, the greater the heat. The greater the heat, the greater the purification.",insight,challenge; heat; purification,,false,,attributed_unverified,,,,,false,
q_0756,Jack Kornfield,jack-kornfield,"The true task of spiritual life is not found in faraway places or unusual states of consciousness. It is here in the present. It asks of us a welcoming spirit to greet all that life presents to us with a wise, respectful, and kindly heart. We can bow to both beauty and suffering, to our entanglements and confusion, to our fears and to the injustices of the world. Honoring the truth in this way is the path to freedom.",spirit,spiritual; life; discovery; consciousness; present; welcome; spirit; wisdom; heart; kindness; beauty; suffering; buddhist; confusion; fear; injustice; world; honoring; truth; freedom; path,,false,,attributed_unverified,,,,,false,
q_0757,Jack Kornfield,jack-kornfield,"In honoring our own unique destiny, we allow our most personal life to become an expression of the Buddha in a new form.",spirit,destiny; unique; personal; life; self; expression; form; individuality,"Buddhism, Theravada",false,,attributed_unverified,,,,,false,
q_0758,Jack Kornfield,jack-kornfield,A spiritual life doesn't make you a good person. You are a good person; you are a holy being when you are born. What spiritual life does is remind us that this is who we really are.,spirit,spiritual; life; good; person; holy; birth; remind; self; true,,false,,attributed_unverified,,,,,false,
q_0759,Jack Parr,jack-parr,"My life seems like one long obstacle course, with me as the chief obstacle.",humor,life; obstacle; self,,false,,attributed_unverified,,,,,false,
q_0760,Jack Welch,jack-welch,"The world beyond will not belong to 'managers' or those who can make the numbers dance. The world will belong to passionate, driven leaders — people who will not only have enormous amounts of energy but who can energize those whom they lead.",business,leaders; leadership; passion; energy; people,,false,,attributed_unverified,,,,,false,
q_0761,Jackie Gleason,jackie-gleason,"Our dreams are firsthand creations, rather than residues of waking life. We have the capacity for infinite creativity; at least while dreaming, we partake of the power of the Spirit, the infinite Godhead that creates the cosmos.",spirit,dreams; creation; life; infinite; creativity; power; god; universe,,false,,attributed_unverified,,,,,false,
q_0762,Jacob Needleman,jacob-needleman,"What is the role of money in the search for meaning? Is our relationship to it one of the chief factors that keeps us in our prison, or could it also be a tool for breaking out, for awakening to a life filled with intensity of purpose?",business,money; meaning; prison; tool; awakening; life; purpose,,false,,attributed_unverified,,,,,false,
q_0763,Jacob Needleman,jacob-needleman,"God acts in history: that is, God provides ideas, methods, and experiences intended to bring comprehension to man, an understanding heart, a conscious life.",spirit,god; history; ideas; experiences; understanding; people; heart; life; conscious,,false,,attributed_unverified,,,,,false,
q_0764,Jalaja Bonheim,jalaja-bonheim,"Ecstasy blows our minds open to a reality that is wild, beautiful, loving, abundant beyond our wildest dreams.",insight,beautiful; abundance; open,,false,,attributed_unverified,,,,,false,
q_0765,James A. Baldwin,james-a-baldwin,Those who say it can't be done are usually interrupted by others doing it.,business,possibility; possible; action,,false,,attributed_unverified,,,,,false,
q_0766,James Allen,james-allen,"Dream lofty dreams, and as you dream, so shall you become. Your vision is the promise of what you shall one day be; your ideal is the prophecy of what you shall at last unveil.",insight,dream; vision; time,,false,,attributed_unverified,,,,,false,
q_0767,James Allen,james-allen,Man is made or unmade by himself. In the armory of thought he forges the weapons by which he destroys himself. He also fashions the tools with which he builds for himself heavenly mansions of joy and strength and peace.,insight,thought; joy; strength; peace,,false,,attributed_unverified,,,,,false,
q_0768,James Allen,james-allen,"Our life is what our thoughts make it. A man will find that as he alters his thoughts toward things and other people, things and other people will alter towards him.",insight,thought; change; life,,false,,attributed_unverified,,,,,false,
q_0769,James Allen,james-allen,You are today where your thoughts have brought you; you will be tomorrow where your thoughts take you.,insight,thinking; journey; tomorrow; today,,false,,attributed_unverified,,,,,false,
q_0770,James Allen,james-allen,"You will become as small as your controlling desire, or as great as your dominant aspiration.",business,desire; aspiration; small; great; transformation,,false,,attributed_unverified,,,,,false,
q_0771,"James Allen, As a Man Thinketh",james-allen-as-a-man-thinketh,The dreamers are the redeemers of the world.,creativity,,,false,,attributed_unverified,,,,,false,
q_0772,James Arthur Baldwin,james-arthur-baldwin,"To defend one's self against fear is simply to ensure that one will, one day, be conquered by it; fears must be faced.",insight,fear; defense; conquer,,false,,attributed_unverified,,,,,false,
q_0773,James Arthur Ray,james-arthur-ray,There is no happiness if the things you believe are different than the things you do.,insight,belief; action; happiness,,false,,attributed_unverified,,,,,false,
q_0774,James Arthur Ray,james-arthur-ray,It is noble to charge a fortune for your services if you provide a fortune in value.,business,noble; value; money; service; fortune; work,,false,,attributed_unverified,,,,,false,
q_0775,James Baldwin,james-baldwin,We are all miracles but seldom act like miracles.,insight,miracles; people; action,,false,,attributed_unverified,,,,,false,
q_0776,James G. Bilkey,james-g-bilkey,"You never will be the person you can be if pressure, tension and discipline are taken out of your life.",insight,difficulties; challenges,,false,,attributed_unverified,,,,,false,
q_0777,James King,james-king,"Our purpose is hidden in our joy, our inspiration, our excitement. As we act on what shows up in our life our purpose shows up.",insight,purpose; life; joy; action,,false,,attributed_unverified,,,,,false,
q_0778,James Levin,james-levin,Follow effective action with quiet reflection. From the quiet reflection will come even more effective action.,business,action; reflection; quiet; effective; productive,,false,,attributed_unverified,,,,,false,
q_0779,James Oppenheim,james-oppenheim,"The foolish man seeks happiness in the distance, the wise grows it under his feet.",insight,foolish; wise; distance; feet,,false,,attributed_unverified,,,,,false,
q_0780,James Thornton,james-thornton,"... no matter what our difficulties may be, we recognize that there is a deep untroubled stream flowing below all surface troubles and that we are of one substance with that stream. The soul knows no difficulties.",insight,difficulties; soul,,false,,attributed_unverified,,,,,false,
q_0781,Jay-Z,jay-z,"Artists can have greater access to reality; they can see patterns and details and connections that other people, distracted by the blur of life, might miss. Just sharing that truth can be a very powerful thing.",art,creativity,,false,,attributed_unverified,,,,,false,
q_0782,Jean Shinoda Bolen,jean-shinoda-bolen,"To know how to choose a path with heart is to learn how to follow intuitive feeling. Logic can tell you superficially where a path might lead to, but it cannot judge whether your heart will be in it.",insight,heart; intuition; choice; path,,false,,attributed_unverified,,,,,false,
q_0783,Jean Shinoda Bolen,jean-shinoda-bolen,"I think that whenever soul is present, it’s because what you’re doing, whom you’re with, where you are, evokes love without your thinking about it. You are totally absorbed in the place or person or event, without ego and without judgment.",insight,soul; ego; love; thought,,false,,attributed_unverified,,,,,false,
q_0784,Jean-Michel Basquiat,jean-michel-basquiat,I don’t listen to what art critics say. I don’t know anybody who needs a critic to find out what art is.,creativity,,,false,,attributed_unverified,,,,,false,
q_0785,Jean-Paul Sartre,jean-paul-sartre,Freedom is what you do with what's been done to you.,insight,freedom; choice,,true,,attributed_unverified,,,,,false,
q_0786,Jeanne Kirkpatrick,jeanne-kirkpatrick,We have war when at least one of the parties to a conflict wants something more than it wants peace.,relationships,war; desire; peace; conflict,,false,,attributed_unverified,,,,,false,
q_0787,Jeff Brown,jeff-brown,"When you love someone fully, you are always kissing the divine.",,,,false,,attributed_unverified,,,,,false,
q_0788,Jeff Esper,jeff-esper,The success of the decisions you make depends ultimately on what you make of your decisions.,business,success; decision; action,,false,,attributed_unverified,,,,,false,
q_0789,Jeffrey Leaver,jeffrey-leaver,"Love is the final destination of the soul, and the road that leads it home.",insight,love; soul; home,,false,,attributed_unverified,,,,,false,
q_0790,Jennie Jerome Churchill,jennie-jerome-churchill,"Treat your friends as you do your pictures, and place them in their best light.",relationships,friend; perception; light,,false,,attributed_unverified,,,,,false,
q_0791,Jerry Gillies,jerry-gillies,"You will recognize your own path when you come upon it, because you will suddenly have all the energy and imagination you will ever need.",insight,energy; imagination; path,,false,,attributed_unverified,,,,,false,
q_0792,Jessica Hische,jessica-hische,The work you do while you procrastinate is probably the work you should be doing for the rest of your life.,business,work,,false,,attributed_unverified,,,,,false,
q_0793,Jim Allen,jim-allen,Recognize that life is what you get when you’re born... living is what you do with it.,insight,life; action,,false,,attributed_unverified,,,,,false,
q_0794,Jim Rohn,jim-rohn,"I have found in life that if you want a miracle you first need to do whatever it is you can do - if that's to plant, then plant; if it is to read, then read; if it is to change, then change; if it is to study, then study; if it is to work, then work; whatever you have to do. And then you will be well on your way of doing the labor that works miracles.",insight,miracle; life; action; change; world,,false,,attributed_unverified,,,,,false,
q_0795,Jim Rohn,jim-rohn,"If you go to work on your goals, your goals will go to work on you. If you go to work on your plan, your plan will go to work on you. Whatever good things we build end up building us.",business,goals; plan; growth; focus; intention,,false,,attributed_unverified,,,,,false,
q_0796,Joan Baez,joan-baez,"The easiest kind of relationship is with ten thousand people, the hardest is with one.",relationships,romance,,false,,attributed_unverified,,,,,false,
q_0797,Joan Baez,joan-baez,Action is the antidote to despair.,insight,action; despair; antidote,,false,,attributed_unverified,,,,,false,
q_0798,Joan Borysenko,joan-borysenko,"Learning to be aware of feelings, how they arise and how to use them creatively so they guide us to happiness, is an essential lifetime skill.",insight,learning; happiness; creativity,,false,,attributed_unverified,,,,,false,
q_0799,Joan Borysenko,joan-borysenko,"If we don’t forgive ourselves for our mistakes, and others for the wounds they have inflicted upon us, we end up crippled with guilt. And the soul cannot grow under a blanket of guilt, because guilt is isolating, while growth is a gradual process of reconnection to ourselves, to other people, and to a larger whole.",relationships,forgiveness; mistakes; wounds; guilt; cripple; soul; growth; isolation; whole; connection; self; people; vast,,false,,attributed_unverified,,,,,false,
q_0800,Joe Sparano,joe-sparano,Good design is obvious. Great design is transparent.,design,,,false,,attributed_unverified,,,,,false,
q_0801,Johann Wolfgang von Goethe,johann-wolfgang-von-goethe,To think is easy. To act is difficult. To act as one thinks is the most difficult.,insight,thought; action,,false,,attributed_unverified,,,,,false,
q_0802,Johann Wolfgang von Goethe,johann-wolfgang-von-goethe,My greatest wealth is the deep stillness in which I strive and grow and win what the world cannot take from me with fire or sword.,creativity,wealth; quiet; stillness; grow; win; world fire; sword; effort,,false,,attributed_unverified,,,,,false,
q_0803,Johann Wolfgang von Goethe,johann-wolfgang-von-goethe,"As soon as you trust yourself, you will know how to live.",creativity,life; trust; self; knowledge,,false,,attributed_unverified,,,,,false,
q_0804,Johannes A. Gaertner,johannes-a-gaertner,"To speak gratitude is courteous and pleasant, to enact gratitude is generous and noble, but to live gratitude is to touch Heaven.",insight,speech; life; gratitude; generosity; heaven,,false,,attributed_unverified,,,,,false,
q_0805,John Balguy,john-balguy,"Contentment is a pearl of great price, and whoever procures it at the expense of ten thousand desires makes a wise and a happy purchase.",insight,desire; contentment; wise; happiness,,false,,attributed_unverified,,,,,false,
q_0806,John Berry,john-berry,The bird of paradise alights only on the hand that does not grasp.,insight,wisdom,,false,,attributed_unverified,,,,,false,
q_0807,John Bradshaw,john-bradshaw,Our sadness is an energy we discharge in order to heal. …Sadness is painful. We try to avoid it. Actually discharging sadness releases the energy involved in our emotional pain. To hold it in is to freeze the pain within us. The therapeutic slogan is that grieving is the ‘healing feeling.’,relationships,sadness; healing; painful; avoid; release; energy; emotions; pain; freeze; grief,,false,,attributed_unverified,,,,,false,
q_0808,John Cage,john-cage,I am trying to be unfamiliar with what I am doing.,creativity,mystery; unknown; action; creation; art,,false,,attributed_unverified,,,,,false,
q_0809,John Christian Bovee,john-christian-bovee,"A failure establishes only this, that our determination to succeed was not strong enough.",business,failure; success; determination; perseverance; self; work,,false,,attributed_unverified,,,,,false,
q_0810,"John D. Rockefeller, Jr.",john-d-rockefeller-jr,Think of giving not as a duty but as a privilege.,relationships,generosity; giving; service; duty; privilege; wealth,,false,,attributed_unverified,,,,,false,
q_0811,John E. Southard,john-e-southard,The only people with whom you should try to get even are those who have helped you.,relationships,help; people; generosity; humor; revenge,,true,,attributed_unverified,,,,,false,
q_0812,John F. Kennedy,john-f-kennedy,The problems of the world cannot possibly be solved by skeptics or cynics whose horizons are limited by the obvious realities. We need people who can dream of things that never were.,creativity,problems; difficulties; solution; skeptic; cynic; horizon; limit; obvious; reality; people; dream; possibilities; imagination,,true,,attributed_unverified,,,,,false,
q_0813,John F. Kennedy,john-f-kennedy,"I am certain that after the dust of centuries has passed over our cities, we, too, will be remembered not for victories or defeats in battle or in politics, but for our contribution to the human spirit.",spirit,dust; time; victory; defeat; battle; war; politics; contribution; spirit; human; purpose; work,,false,,attributed_unverified,,,,,false,
q_0814,John Foster Dulles,john-foster-dulles,"The measure of success is not whether you have a tough problem to deal with, but whether it's the same problem you had last year.",insight,success,,false,,attributed_unverified,,,,,false,
q_0815,John Gray,john-gray,"When we experience the pain of another person, we instinctively want to take away that pain. But by taking away the other person’s pain, we also take away his or her opportunity to grow. To be truly compassionate, we must be able to share another person’s suffering and pain - knowing there is nothing we can do to relieve it and that we are not responsible for it, and yet knowing and understanding what that pain feels like.",relationships,pain; person; help; suffering; growth; compassionate; nothing; responsible; understanding; feeling,,true,,attributed_unverified,,,,,false,
q_0816,John Keats,john-keats,"Don't be discouraged by a failure. It can be a positive experience. Failure is, in a sense, the highway to success, inasmuch as every discovery of what is false leads us to seek earnestly after what is true, and every fresh experience points out some form of error which we shall afterwards carefully avoid.",creativity,discouragement; failure; positive; experience; highway; success; discovery; false; path; true; fresh; error; avoid,,false,,attributed_unverified,,,,,false,
q_0817,John Kennedy,john-kennedy,"When written in Chinese the word 'crisis' is composed of two characters. One represents danger, and the other represents opportunity.",insight,crisis; danger; opportunity,Political Leader,false,,attributed_unverified,,,,,false,
q_0818,John MacEnulty,john-macenulty,"Truth is unique to each moment. You cannot step in the same stream twice. So wipe the slate clean. Wake up in this moment and truly be here. Let go of what you think happened. It is gone. It no longer exists. Tell your stories, but don't get stuck in them. This moment is like no other.",insight,truth; clean; presence; thought; story; now,,false,,attributed_unverified,,,,,false,
q_0819,John Maeda,john-maeda,Design is a solution to a problem. Art is a question to a problem.,design,creativity,,false,,attributed_unverified,,,,,false,
q_0820,John Mason,john-mason,You were born an original. Don't die a copy.,insight,originality; death,,false,,attributed_unverified,,,,,false,
q_0821,John Muir,john-muir,The clearest way into the universe is through a forest wilderness.,spirit,nature,,false,,attributed_unverified,,,,,false,
q_0822,John Muir,john-muir,"When we try to pick out anything by itself, we find it hitched to everything else in the universe.",insight,interconnection,,true,,attributed_unverified,,,,,false,
q_0823,John Muir,john-muir,"Keep close to Nature's heart, yourself; and break clear away, once in a while, and climb a mountain or spend a week in the woods. Wash your spirit clean.",nature,,,false,,attributed_unverified,,,,,false,
q_0824,John Muir,john-muir,The clearest way into the Universe is through a forest wilderness.,nature,,,true,,attributed_unverified,,,,,false,
q_0825,John Muir,john-muir,"If one pulls on a single thread in nature, you'll find it attached to everything else.",spirit,nature; thread; connection; discover,,false,,attributed_unverified,,,,,false,
q_0826,John Muir,john-muir,The power of imagination makes us infinite.,creativity,imagination; power; infitie,,true,,attributed_unverified,,,,,false,
q_0827,Anon.,anon,A forest is a cathedral where the priest is nature.,nature,,,false,,attributed_unverified,,,,,false,
q_0828,John Petit-Senn,john-petit-senn,"Not what we have but what we enjoy, constitutes our abundance.",insight,abundance; enjoyment,,false,,attributed_unverified,,,,,false,
q_0829,John Quincy Adams,john-quincy-adams,Patience and perseverance have a magical effect before which difficulties disappear and obstacles vanish.,insight,difficulties; obstacles,,false,,attributed_unverified,,,,,false,
q_0830,John Quincy Adams,john-quincy-adams,"If your actions inspire others to dream more, learn more, do more and become more, you are a leader.",business,action; inspiration; learning; more; leader; leadership,,false,,attributed_unverified,,,,,false,
q_0831,John Quincy Adams,john-quincy-adams,Patience and perseverance have a magical effect before which difficulties disappear and obstacles vanish.,business,patience; perseverance; difficulties; obstacles; disappear; magic; action,,false,,attributed_unverified,,,,,false,
q_0832,John Randolph Price,john-randolph-price,"The time will come when you will satisfy a need for money by steadfastly depending on the Master Self within - and not on anything in the world of form. Until you do this, you will continue to experience the uncertainties of supply for the rest of your life. Every soul must learn this lesson, and until it does, it will be given opportunity after opportunity in the form of apparent lack and limitation. You may be experiencing such a challenge right at this moment. Realize that this is the opportunity you have been waiting for to demonstrate the truth of your birthright.",business,money; finance; self; form; soul; learning; opportunity; limitation; experience; challenge,,false,,attributed_unverified,,,,,false,
q_0833,John Schaar,john-schaar,"The future is not some place we are going, but one we are creating. The paths are not to be found, but made. And the activity of making them changes both the maker and their destination.",insight,creativity; change; path,,false,,attributed_unverified,,,,,false,
q_0834,John Stuart Mill,john-stuart-mill,One person with a belief is equal to the force of ninety-nine who have only interests.,insight,belief; power,,false,,attributed_unverified,,,,,false,
q_0835,John Wesley,john-wesley,"Do all the good you can, in all the ways you can, to all the souls you can, in every place you can, at all the times you can, with all the zeal you can, as long as you can.",relationships,action; good; time; enthusiasm; consistency; service,,false,,attributed_unverified,,,,,false,
q_0836,John Wooden,john-wooden,Things turn out the best for the people who make the best of the way things turn out.,insight,attitude,,false,,attributed_unverified,,,,,false,
q_0837,Jonathan Swift,jonathan-swift,Vision is the art of seeing things invisible.,insight,vision; invisible,,true,,attributed_unverified,,,,,false,
q_0838,Jorge Luis Borges,jorge-luis-borges,"Even in the human languages there is no proposition that does not imply the entire universe; to say the tiger is to say the tigers that begot it, the deer and turtles devoured by it, the grass on which the deer fed, the earth that was mother to the grass, the heaven that gave birth to the earth.",spirit,language; human; universe; unity; oneness; nature; animals; grass; earth; mother; heaven,,false,,attributed_unverified,,,,,false,
q_0839,Jorge Luis Borges,jorge-luis-borges,"The history of literature is not the history of authors and their careers, but the history of 'Spirit as the producer and consumer of literature.'",spirit,literature; creation; consumption; history; authors; writers,,false,,attributed_unverified,,,,,false,
q_0840,Jorge Luis Borges,jorge-luis-borges,"The history of the universe is an infinite sacred book that all men write and read and try to understand, and in which they are also written.",spirit,book; read; write; understand; history; people; universe,,false,,attributed_unverified,,,,,false,
q_0841,Jorge Luis Borges & Giordano Bruno,jorge-luis-borges-giordano-bruno,The world is ‘the infinite effect of an infinite cause’ and divinity is near ‘because it is in us even more than we ourselves are in us.’,spirit,world; infinite; divinity; within; self; cause,,false,,attributed_unverified,,,,,false,
q_0842,Joseph Campbell,joseph-campbell,The experience of eternity right here and now is the function of life. Heaven is not the place to have the experience; here is the place to have the experience.,insight,,,true,,attributed_unverified,,,,,false,
q_0843,Joseph Campbell,joseph-campbell,"The goal of life is to make your heartbeat match the beat of the universe, to match your nature with Nature.",insight,,,true,,attributed_unverified,,,,,false,
q_0844,Joseph Campbell,joseph-campbell,"If the path before you is clear, you're probably on someone else's.",insight,direction; clarity,,false,,attributed_unverified,,,,,false,
q_0845,Joseph Campbell,joseph-campbell,"We must be willing to let go of the life we have planned, so as to have the life that is waiting for us.",,acceptance,,false,,attributed_unverified,,,,,false,
q_0846,Joseph Campbell,joseph-campbell,"We have not even to risk the adventure alone; for the heroes of all time have gone before us; the labyrinth is thoroughly known; we have only to follow the thread of the hero-path. And where we had thought to find an abomination, we shall find a God; where we had thought to slay another, we shall slay ourselves; where we had thought to travel outward, we shall come to the center of our own existence; where we had thought to be alone, we shall be with all the world.",insight,journey; discovery; world; path; god,,false,,attributed_unverified,,,,,false,
q_0847,Joseph Campbell,joseph-campbell,“The big question is whether you are going to be able to say a hearty yes to your adventure.,insight,attitude; journey; question,,false,,attributed_unverified,,,,,false,
q_0848,Joseph Campbell,joseph-campbell,"We're so engaged in doing things to achieve purposes of outer value that we forget that the inner value, the rapture that is associated with being alive, is what it's all about.",insight,purpose,,false,,attributed_unverified,,,,,false,
q_0849,Joseph Campbell,joseph-campbell,"If you see your path laid out in front of you -- Step one, Step two, Step three -- you only know one thing... it is not your path. Your path is created in the moment of action. If you can see it laid out in front of you, you can be sure it is someone else's path. That is why you see it so clearly.",insight,action; path; vision,,false,,attributed_unverified,,,,,false,
q_0850,Joseph Campbell,joseph-campbell,"So yield to what is coming. We're in a free fall into future. We don't know where we're going. Things are changing so fast and always when you're going through a long tunnel anxiety comes along. And all you have to do to transform your hell into a paradise is to turn your fall into a voluntary act. I mean it's a very interesting shift of perspective, and that's all it is. Joyful participation in the sorrows and everything changes.",insight,future; anxiety; hell; paradise; perspective; joy; sorrow; change; transformation; action,,true,,attributed_unverified,,,,,false,
q_0851,Joseph Campbell,joseph-campbell,"The two worlds, the divine and the human... are actually one. The realm of the gods is a forgotten dimension of the world we know.",spirit,gods; divine; world; realm; human; forget,,false,,attributed_unverified,,,,,false,
q_0852,Joseph Campbell,joseph-campbell,The privilege of a lifetime is being who you are.,insight,life; being; self,,true,,attributed_unverified,,,,,false,
q_0853,Joseph Campbell,joseph-campbell,You become mature when you become the authority for your own life.,insight,,,false,,attributed_unverified,,,,,false,
q_0854,Joseph Campbell,joseph-campbell,The privilege of a lifetime is being who you are.,,,,false,,attributed_unverified,,,,,false,
q_0855,Joseph Murphy,joseph-murphy,"Infinite riches are all around you if you will open your mental eyes and behold the treasure house of infinity within you. There is a gold mine within you from which you can extract everything you need to live life gloriously, joyously, and abundantly.",insight,infinity; abundance; perception; vision; gold; joy; open,,false,,attributed_unverified,,,,,false,
q_0856,Joy Houghton,joy-houghton,"Spiritual growth is not made in reaction against, for all striving against imposed restrictions is imaginary. Spiritual growth is accomplished by inclination toward. We grow like the sunflower, following the light.",spirit,spiritual; growth; reaction; striving; obstacles; light; flower,,false,,attributed_unverified,,,,,false,
q_0857,Judith Viorst,judith-viorst,Strength is the capacity to break a chocolate bar into four pieces with your bare hands - and then just eat one of the pieces.,humor,strength; discipline; chocolate; candy,,false,,attributed_unverified,,,,,false,
q_0858,Julia Butterfly,julia-butterfly,"Life's circumstances sometimes seem overwhelming, but we must remember the amazing power of love. Just as the ripples in the ocean shape and form the land - from the cliffs to the tiny grains of sand - so do our actions, words, and thoughts shape and form our reality. Even more, ripples joining one another form tidal waves that change the planet. If we make sure that our every thought, word, and action are based in love then the ripples we create will bring about positive change for a positive future.",relationships,life; challenges; remember; power; love; ripples; ocean; planet; earth; interdependence; connection; unity; words; speech; action; thoughts; create; reality; change; transform; positive; future,,false,,attributed_unverified,,,,,false,
q_0859,Kabir,kabir,"Suppose you scrub your ethical skin until it shines, but there is no music. Then what?",insight,music; ethics,,false,,attributed_unverified,,,,,false,
q_0860,Kahlil Gibran,kahlil-gibran,We choose our joys and sorrows long before we experience them.,insight,,,false,,attributed_unverified,,,,,false,
q_0861,Kahlil Gibran,kahlil-gibran,Pain is the cracking of the shell that encloses your understanding.,insight,pain; shell; understanding; crack,,false,,attributed_unverified,,,,,false,
q_0862,Kahlil Gibran,kahlil-gibran,"There are those who give with joy, and joy is their reward.",relationships,giving; joy; reward; generosity,,false,,attributed_unverified,,,,,false,
q_0863,Kahlil Gibran,kahlil-gibran,"Generosity is giving more than you can, and pride is taking less than you need.",relationships,generosity; pride; take; giving; need,,false,,attributed_unverified,,,,,false,
q_0864,Karen Sunde,karen-sunde,To love is to receive a glimpse of heaven.,relationships,love; heaven; see,,false,,attributed_unverified,,,,,false,
q_0865,Karl Jaspers,karl-jaspers,An avoidance of true communication is tantamount to a relinquishment of my self-being; if I withdraw from it I am betraying not only the other but myself.,insight,being; communication,,false,,attributed_unverified,,,,,false,
q_0866,Karlfried Gras Von Durkheim,karlfried-gras-von-durkheim,Only to the extent that we expose ourselves over and over again to annihilation can that which is indestructible arise within us.,spirit,destruction; indestructible,,false,,attributed_unverified,,,,,false,
q_0867,Katharine Hepburn,katharine-hepburn,"If you obey all the rules, you miss all the fun.",humor,obey; rules; fun,,false,,attributed_unverified,,,,,false,
q_0868,Katherine Paterson,katherine-paterson,"Peace is not won by those who fiercely guard their differences, but by those who with open minds and hearts seek out connections.",relationships,peace; differences; open; mind; heart; seek; discover; connections,,false,,attributed_unverified,,,,,false,
q_0869,Kathleen A. Sutton,kathleen-a-sutton,"When you can't have what you want, it's time to start wanting what you have.",insight,acceptance; desire,,false,,attributed_unverified,,,,,false,
q_0870,Ken Hakuta,ken-hakuta,Lack of money is no obstacle. Lack of an idea is an obstacle.,business,money; lack; obstacle; idea,,true,,attributed_unverified,,,,,false,
q_0871,Ken Kesey,ken-kesey,"The answer is never the answer. What’s really interesting is the mystery. If you seek the mystery instead of the answer, you’ll always be seeking. I’ve never seen anybody really find the answer – they think they have, so they stop thinking. The need for mystery is greater than the need for the answer.",insight,mystery; seeking; thinking; answer,,false,,attributed_unverified,,,,,false,
q_0872,Ken Keyes Jr.,ken-keyes-jr,A loving person lives in a loving world. A hostile person lives in a hostile world. Everyone you meet is your mirror.,insight,love; person; hostile; perception; reflection; mirror,,false,,attributed_unverified,,,,,false,
q_0873,Ken Wilber,ken-wilber,The only thing that wants to get rid of the ego is the ego.,spirit,ego; self; desire,,false,,attributed_unverified,,,,,false,
q_0874,Keshavan Nair,keshavan-nair,"With courage you will dare to take risks, have the strength to be compassionate, and the wisdom to be humble. Courage is the foundation of integrity.",insight,courage; strength; compassion; wisdom,,false,,attributed_unverified,,,,,false,
q_0875,Khalil Gibran,khalil-gibran,"Keep me away from the wisdom which does not cry, the philosophy which does not laugh, and the greatness which does not bow before children.",insight,children; wisdom; cry; philosophy; laughter; bow,,false,,attributed_unverified,,,,,false,
q_0876,Krishnamurti,krishnamurti,It is no measure of health to be well adjusted to a profoundly sick society.,insight,sickness; health; society,,false,,attributed_unverified,,,,,false,
q_0877,Krishnamurti,krishnamurti,"When you judge, you lose love.",insight,judgment; love; loss,,false,,attributed_unverified,,,,,false,
q_0878,Krishnamurti,krishnamurti,The thinker is the thought.,spirit,thinker; thought; self; awareness,,false,,attributed_unverified,,,,,false,
q_0879,Krishnamurti,krishnamurti,"The moment you have in your heart this extraordinary thing called love and feel the depth, the delight, the ecstasy of it, you will discover that for you the world is transformed.",relationships,love; depth; ecstasy; discover; transformation; change; self; world,,false,,attributed_unverified,,,,,false,
q_0880,Lakota proverb,lakota-proverb,When a man moves away from nature his heart becomes hard.,spirit,human; nature; heart; hard; separation; native american,,false,,attributed_unverified,,,,,false,
q_0881,Lama Surya Das,lama-surya-das,Love is found in loving.,relationships,love; loving; discovery,,false,,attributed_unverified,,,,,false,
q_0882,Lance Secretan,lance-secretan,"Leadership is not so much about technique and methods as it is about opening the heart. Leadership is about inspiration — of oneself and of others. Great leadership is about human experiences, not processes. Leadership is not a formula or a program, it is a human activity that comes from the heart and considers the hearts of others. It is an attitude, not a routine.",relationships,leadership; open; heart; inspiration; self; people; great; human; experience; process; action; attitude; routine,,false,,attributed_unverified,,,,,false,
q_0883,Langston Hughes,langston-hughes,"Hold fast to dreams, for if dreams die, life is a broken winged bird that cannot fly.",creativity,dreams; death; broken; bird; wing; fly; life,,false,,attributed_unverified,,,,,false,
q_0884,Lao Tzu,lao-tzu,Those who flow as life flows know they need no other force.,spirit,tao,,true,,attributed_unverified,,,,,false,
q_0885,Lao Tzu,lao-tzu,"To attain knowledge, add things every day. To attain wisdom, remove things every day.",insight,wisdom; time; taoism,,false,,attributed_unverified,,,,,false,
q_0886,Lao Tzu,lao-tzu,"Time is a created thing. To say 'I don't have time,' is like saying, 'I don't want to.'",insight,time; desire; taoism,,false,,attributed_unverified,,,,,false,
q_0887,Lao Tzu,lao-tzu,A journey of a thousand miles begins with a single step.,insight,journey; path; step; taoism,,false,,attributed_unverified,,,,,false,
q_0888,Lao Tzu,lao-tzu,"The bad leader is he who the people despise. The good leader is he who the people praise. The great leader is he who the people say, we did it ourselves.",business,good; bad; great; taoism; leader; empowerment; community,,false,,attributed_unverified,,,,,false,
q_0889,Lao Tzu,lao-tzu,Give a man a fish and you feed him for the day. Teach a man to fish and you feed him for a lifetime.,business,teach; learning; taoism; food; time,,false,,attributed_unverified,,,,,false,
q_0890,Lao Tzu,lao-tzu,Kindness in words creates confidence. Kindness in thinking creates profoundness. Kindness in giving creates love.,relationships,taoism; kindness; confidence; thinking; profound; giving; love,,false,,attributed_unverified,,,,,false,
q_0891,Lao Tzu,lao-tzu,"Seek not happiness too greedily, and be not fearful of unhappiness.",relationships,taoism; happiness; greed; fear; unhappiness,,false,,attributed_unverified,,,,,false,
q_0892,Lao Tzu,lao-tzu,"Loving someone deeply gives you strength, while being deeply loved gives you courage.",relationships,love; strength; courage,,false,,attributed_unverified,,,,,false,
q_0893,Lao Tzu,lao-tzu,"To see things in the seed, that is genius.",insight,seed; perception; seeing,,true,,attributed_unverified,,,,,false,
q_0894,Larry Eisenberg,larry-eisenberg,"For peace of mind, we need to resign as general manager of the universe.",humor,peace; mind; surrender; universe,,true,,attributed_unverified,,,,,false,
q_0895,Lena Horne,lena-horne,It's not the load that breaks you down; it's the way you carry it.,insight,challenge,,false,,attributed_unverified,,,,,false,
q_0896,Leo Burnett,leo-burnett,"Curiosity about life in all its aspects, I think, is still the secret of great creative people.",creativity,,,false,,attributed_unverified,,,,,false,
q_0897,Leo Buscaglia,leo-buscaglia,We are no longer puppets being manipulated by outside powerful forces; we become the powerful force ourselves.,insight,power,,false,,attributed_unverified,,,,,false,
q_0898,Leo Buscaglia,leo-buscaglia,"Only when we give joyfully, without hesitation or thought of gain, can we truly know what love means.",relationships,give; joy; gain; love; meaning,,false,,attributed_unverified,,,,,false,
q_0899,Leo McGinneva,leo-mcginneva,They don’t want quarter-inch bits. They want quarter-inch holes.,design,,,false,,attributed_unverified,,,,,false,
q_0900,Leo Tolstoi,leo-tolstoi,Music is the shorthand of emotion,,music; emotion,,false,,attributed_unverified,,,,,false,
q_0901,Leo Tolstoy,leo-tolstoy,"A human can be healthy without killing animals for food. If you eat meat, you participate in taking animal life merely for the sake of your appetite.",insight,vegetarian; morality; health; animals; death; food,,false,,attributed_unverified,,,,,false,
q_0902,Leonard Nimoy,leonard-nimoy,"The miracle is this — the more we share, the more we have.",insight,miracle; sharing,,false,,attributed_unverified,,,,,false,
q_0903,Leonardo Da Vinci,leonardo-da-vinci,Simplicity is the ultimate sophistication.,design,simplicity; artist; art,,true,,attributed_unverified,,,,,false,
q_0904,Leonardo Da Vinci,leonardo-da-vinci,"From an early age, I have abjured the use of meat, and the time will come when men will look upon the murder of animals as they look upon the murder of men.",insight,vegetarian; morality; animals; murder; men; food,,false,,attributed_unverified,,,,,false,
q_0905,Leonardo Da Vinci,leonardo-da-vinci,"Every now and then go away, have a little relaxation, for when you come back to your work your judgment will be surer since to remain constantly at work will cause you to lose power of judgment. Go some distance away because then the work appears smaller, and more of it can be taken in at a glance, and a lack of harmony or portion is more readily seen.",creativity,relaxation; judgment; work; action; distance; small; harmony; perception; rest; lack,,false,,attributed_unverified,,,,,false,
q_0906,Les Brown,les-brown,Wanting something is not enough. You must hunger for it. Your motivation must be absolutely compelling in order to overcome the obstacles that will invariably come your way.,business,desire; hunger; motivation; obstacles,,false,,attributed_unverified,,,,,false,
q_0907,Leslie Fieger,leslie-fieger,Any fool can run towards the light. It takes a master with courage to turn and face the darkness and shine his own light there.,insight,light; intention,,false,,attributed_unverified,,,,,false,
q_0908,Leslie Fieger,leslie-fieger,Utilizing your conscious mind to direct the subconscious mind to enter into communication and harmony with the universal mind is the secret of personal power.,spirit,consciousness; unconscious; mind; communication; harmony; universal; universe; power; self,,true,,attributed_unverified,,,,,false,
q_0909,Lily Tomlin,lily-tomlin,"For fast acting relief, try slowing down.",humor,tempo; fast; slow; relief,,false,,attributed_unverified,,,,,false,
q_0910,Lily Tomlin,lily-tomlin,"I can handle reality in small doses, but as a lifestyle, it's much too confining.",humor,reality; confine; small; lifestyle,,false,,attributed_unverified,,,,,false,
q_0911,Logan Pearsall Smith,logan-pearsall-smith,"There are two things to aim at in life; first to get what you want, and after that to enjoy it. Only the wisest of humankind has achieved the second.",insight,life; enjoyment; wisdom,,false,,attributed_unverified,,,,,false,
q_0912,Lord Byron,lord-byron,"In her first passion woman loves her lover, in all the others she loves love.",insight,passion; love; woman,,false,,attributed_unverified,,,,,false,
q_0913,Lord Chesterfield,lord-chesterfield,"Know the value of time; snatch, seize, and enjoy every moment of it. No idleness, no laziness, no procrastination; never put off till tomorrow what you can do today.",insight,time; value; enjoy; focus; tomorrow; today; procrastination,,false,,attributed_unverified,,,,,false,
q_0914,Loren Fincher,loren-fincher,The difference between holding on to a hurt or releasing it with forgiveness is like the difference between laying your head down at night on a pillow filled with thorns or a pillow filled with rose petals.,insight,forgiveness,,false,,attributed_unverified,,,,,false,
q_0915,Louis Khan,louis-khan,Architecture is the thoughtful making of space.,design,architecture; design,,false,,attributed_unverified,,,,,false,
q_0916,Louis L’Amour,louis-lamour,"A writer, or for that matter any artist, is continually putting demands on the subconscious and producing results.",creativity,writer; artist; subconscious; demand; results,,false,,attributed_unverified,,,,,false,
q_0917,Lucille Ball,lucille-ball,Love yourself first and everything else falls into line. You really have to love yourself to get anything done in this world.,insight,love; world,,false,,attributed_unverified,,,,,false,
q_0918,Lucille Ball,lucille-ball,I'm not funny. What I am is brave.,humor,funny; brave,,false,,attributed_unverified,,,,,false,
q_0919,Lucille Ball,lucille-ball,"Not everything that is faced can be changed, but nothing can be changed until it is faced.",humor,chance; awareness,,false,,attributed_unverified,,,,,false,
q_0920,Lucille Ball,lucille-ball,"A man who correctly guesses a woman's age may be smart, but he's not very bright.",humor,intelligent; age; woman; aging,,false,,attributed_unverified,,,,,false,
q_0921,Lucille Ball,lucille-ball,"I was shy for several years in my early days in Hollywood until I figured out that no one really gave a damn if I was shy or not, and I got over my shyness.",humor,shyness; attitude; shy,,false,,attributed_unverified,,,,,false,
q_0922,Lucille Ball,lucille-ball,You see much more of your children once they leave home.,humor,children; perception; see,,false,,attributed_unverified,,,,,false,
q_0923,Lucille Ball,lucille-ball,"Luck? I don't know anything about luck. I've never banked on it, and I'm afraid of people who do. Luck to me is something else: Hard work -- and realizing what is opportunity and what isn't.",humor,luck; fear; work; opportunity,,false,,attributed_unverified,,,,,false,
q_0924,Lucille Ball,lucille-ball,"I have an everyday religion that works for me. Love yourself first, and everything else falls into line. You really have to love yourself to get anything done in this world.",humor,religion; love; self; success; world,,false,,attributed_unverified,,,,,false,
q_0925,Lucille Ball,lucille-ball,One of the things I learned the hard way was that it doesn't pay to get discouraged. Keeping busy and making optimism a way of life can restore your faith in yourself.,humor,attitude; work; optimism; faith; self,,false,,attributed_unverified,,,,,false,
q_0926,Lucille Ball,lucille-ball,I would rather regret the things that I have done than the things that I have not.,humor,regret; action,,false,,attributed_unverified,,,,,false,
q_0927,Lucretius,lucretius,"The drops of rain make a hole in the stone not by violence, but by oft falling.",insight,water; rain; hole; stone; perseverance; violence,,false,,attributed_unverified,,,,,false,
q_0928,Ludwig Wittgenstein,ludwig-wittgenstein,When one is frightened of the truth... then it is never the whole truth than one has an inkling of.,insight,truth,,false,,attributed_unverified,,,,,false,
q_0929,M. C. Richards,m-c-richards,Self-creation is an act of fire.,creativity,creation; fire; action; self,,false,,attributed_unverified,,,,,false,
q_0930,M. Kathleen Casey,m-kathleen-casey,Pain is inevitable. Suffering is optional.,insight,pain; suffering,,true,,attributed_unverified,,,,,false,
q_0931,M.C. Escher,mc-escher,Only those who attempt the absurd will achieve the impossible.,business,,,true,,attributed_unverified,,,,,false,
q_0932,Macrina Wiederkehr,macrina-wiederkehr,"Everything in life can be nourishing. Everything can bless us, but we've got to be there for the blessing to occur. Being present with quality is a decision we are invited to make each day.",insight,life; presence,,false,,attributed_unverified,,,,,false,
q_0933,Macrina Wiederkehr,macrina-wiederkehr,"We live in a world of theophanies. Holiness comes wrapped in the ordinary. There are burning bushes all around you. Every tree is full of angels. Hidden beauty is waiting in every crumb. Life wants to lead you from crumbs to angels, but this can happen only if you are willing to unwrap the ordinary by staying with it long enough to harvest its treasure.",spirit,world; holy; ordinary; burning; fire; tree; angel; hidden; beauty; crumb; discovery; treasure; perception; divine,,false,,attributed_unverified,,,,,false,
q_0934,Maharishi,maharishi,"Love looks upon the world peacefully and accepts. The ego searches for shortcomings and weaknesses. Love watches for any sign of strength. It sees how far each one has come and not how far he has to go. How simple it is to love, and exhausting it is always to find fault, for every time we see a fault we think something needs to be done about it. Love knows that nothing is ever needed but more love.",relationships,love; world; acceptance; ego; search; weakness; strength; simple; exhausting; fault; nothing; appreciation; criticism,,false,,attributed_unverified,,,,,false,
q_0935,Mahatma Gandhi,mahatma-gandhi,The best way to find youself is to lose yourself in the service of others.,insight,community,,true,,attributed_unverified,,,,,false,
q_0936,Mahatma Gandhi,mahatma-gandhi,The future depends on what you do today.,insight,,,true,,attributed_unverified,,,,,false,
q_0937,Mahatma Gandhi,mahatma-gandhi,"If I believe I cannot do something, it makes me incapable of doing it. But when I believe I can, then I acquire the ability to do it, even if I did not have the ability in the beginning.",insight,action; belief,,false,,attributed_unverified,,,,,false,
q_0938,Mahatma Gandhi,mahatma-gandhi,"Man often becomes what he believes himself to be. If I keep on saying to myself that I cannot do a certain thing, it is possible that I may end by really becoming incapable of doing it. On the contrary, if I have the belief that I can do it, I shall surely acquire the capacity to do it even if I may not have it at the beginning.",insight,belief; action; creation,,false,,attributed_unverified,,,,,false,
q_0939,Mahatma Gandhi,mahatma-gandhi,Keep my word positive. Words become my behaviors. Keep my behaviors positive. Behaviors become my habits. Keep my habits positive. Habits become my values. Keep my values positive. Values become my destiny.,insight,speech; destiny; actions,,false,,attributed_unverified,,,,,false,
q_0940,Mahatma Gandhi,mahatma-gandhi,There is more to life than increasing its speed.,insight,life; speed,,false,,attributed_unverified,,,,,false,
q_0941,Mahatma Gandhi,mahatma-gandhi,There is no path to peace. Peace is the path.,insight,peace; path,,false,,attributed_unverified,,,,,false,
q_0942,Mahatma Gandhi,mahatma-gandhi,"I have learned through bitter experience the one supreme lesson: to conserve my anger; and as heat conserved is transmitted into energy, even so, our anger controlled, can be transmitted into a power that can move the world.",insight,anger; transformation; experience,,false,,attributed_unverified,,,,,false,
q_0943,Mahatma Gandhi,mahatma-gandhi,My life is my message.,spirit,life; message,,false,,attributed_unverified,,,,,false,
q_0944,Mahatma Gandhi,mahatma-gandhi,It is unwise to be too sure of one's own wisdom. It is healthy to be reminded that the strongest might weaken and the wisest might err.,insight,wisdom; strength; error; weakness,,false,,attributed_unverified,,,,,false,
q_0945,Mahatma Gandhi,mahatma-gandhi,Be the change you want to see in the world.,insight,being; change; world,,false,,attributed_unverified,,,,,false,
q_0946,Mahatma Gandhi,mahatma-gandhi,The greatness of a nation and its moral progress can be judged by the way its animals are treated.,insight,vegetarian; morality; animals,,false,,attributed_unverified,,,,,false,
q_0947,Mahatma Gandhi,mahatma-gandhi,"Consciously or unconsciously, every one of us does render some service or other. If we cultivate the habit of doing this service deliberately, our desire for service will steadily grow stronger, and will make, not only our own happiness, but that of the world at large.",relationships,consciousness; service; habit; cultivate; intention; desire; grow; strengthen; happiness; world; community,,false,,attributed_unverified,,,,,false,
q_0948,Mahatma Gandhi,mahatma-gandhi,An eye for an eye makes the whole world blind.,relationships,eye; revenge; forgiveness,,false,,likely_misattributed,,,,No Gandhi source; appears first in Louis Fischer's 1950 biography as paraphrase.,false,No Gandhi source; appears first in Louis Fischer's 1950 biography as paraphrase.
q_0949,Mahatma Gandhi,mahatma-gandhi,The weak can never forgive. Forgiveness is the attribute of the strong.,relationships,forgiveness; strength; weakness,,false,,attributed_unverified,,,,,false,
q_0950,Majjhima Nikaya,majjhima-nikaya,"My teaching does not require anyone to become homeless or resign the world unless he wants to, but it does require everyone to free himself from the illusion that he is a permanent self and to act with integrity while giving up his craving for pleasure.",spirit,teaching; world; freedom; self; illusion; permanence; integrity; desire; pleasure,,false,,attributed_unverified,,,,,false,
q_0951,Malcolm Forbes,malcolm-forbes,Too many people overvalue what they are not and undervalue what they are.,insight,confusion,,false,,attributed_unverified,,,,,false,
q_0952,Marc Allen,marc-allen,Fools never learn from their mistakes. Smart people learn from their mistakes. Wise people learn from other people's mistakes.,insight,mistakes; fools; wise; learning,,false,,attributed_unverified,,,,,false,
q_0953,Marcel Proust,marcel-proust,"The real voyage of discovery consists not in seeing new landscapes, but in having new eyes.",spirit,voyage; perception; eyes; discovery; landscapes; new; fresh,,true,,attributed_unverified,,,,,false,
q_0954,Marcel Proust,marcel-proust,We are healed of a suffering only by experiencing it to the full.,,healing; suffering,,false,,attributed_unverified,,,,,false,
q_0955,Marcus Aurelius,marcus-aurelius,"If you are pained by external things, it is not they that disturb you, but your own judgment of them. And it is in your power to wipe out that judgment now.",insight,pain; power; judgment,,false,,attributed_unverified,,,,,false,
q_0956,Marcus Aurelius,marcus-aurelius,Perform every act as if it were your last.,creativity,action; death; success; focus,,false,,attributed_unverified,,,,,false,
q_0957,Margaret Gatty,margaret-gatty,The days are too short even for love; how can there be enough time for quarreling?,relationships,time; love; fight,,false,,attributed_unverified,,,,,false,
q_0958,Margaret Mead,margaret-mead,We are continually faced with great opportunities which are brilliantly disguised as unsolvable problems.,insight,opportunity; difficulties,,true,,attributed_unverified,,,,,false,
q_0959,Margaret Stortz,margaret-stortz,"When we are grateful for the good we already have, we attract more good into our life. On the other hand, when we are ungrateful, we tend to shut ourselves off from the good we might otherwise experience.",insight,gratitude; life,,false,,attributed_unverified,,,,,false,
q_0960,Marian Wright Edelman,marian-wright-edelman,Being considerate of others will take you further in life than a college degree.,relationships,compassion; education; consideration; people; life,,false,,attributed_unverified,,,,,false,
q_0961,Marianne Williamson,marianne-williamson,Miracles occur naturally as expressions of love. The real miracle is the love that inspires them. In this sense everything that comes from love is a miracle.,insight,miracle; love; inspiration,,false,,attributed_unverified,,,,,false,
q_0962,Marianne Williamson,marianne-williamson,"Our deepest fear is not that we are inadequate, our deepest fear is that we are powerful beyond measure. It is our light, not our darkness that most frightens us. We ask ourselves, “Who am I to be brilliant, gorgeous, talented and fabulous?” Actually, who are you not to be? We were born to manifest the glory that is within us. As we let our light shine, we unconsciously give other people permission to do the same. As we are liberated from our own fear, our presence automatically liberates others.",insight,fear; power; light; darkness; question; brilliant; talent; glory; within; self; shine; people; action; freedom; liberation,,false,,attributed_unverified,,,,,false,
q_0963,Marianne Williamson,marianne-williamson,"Most of the time, we fall in love but can’t remain there. The world then calls the state we were in a delusion or infatuation ... But we merely lacked, or someone else lacked, the emotional skills to hold on to the magic when the morning came. ... In truth, we can go to the moon and retain its magic for a lifetime.",relationships,love; delusion; emotional; skill; magic; morning; moon; lifetime; truth,,false,,attributed_unverified,,,,,false,
q_0964,Marianne Williamson,marianne-williamson,The practice of forgiveness is our most important contribution to the healing of the world.,,healing,,false,,attributed_unverified,,,,,false,
q_0965,Marie-Louise von Franz,marie-louise-von-franz,"If a man devotes himself to the instructions of his own unconscious, it can bestow this gift [of renewal], so that suddenly life, which has been stale and dull, turns into a rich unending inner adventure, full of creative possibilities.",creativity,devotion; unconscious; gift; life; adventure; possibility; person,,false,,attributed_unverified,,,,,false,
q_0966,Marilyn Ferguson,marilyn-ferguson,"Fear is a question: What are you afraid of, and why? Just as the seed of health is in illness, because illness contains information, our fears are a treasure house of self-knowledge if we explore them.",insight,fear; learning; question,,false,,attributed_unverified,,,,,false,
q_0967,Marilyn Ferguson,marilyn-ferguson,Ultimately we know deeply that the other side of every fear is a freedom.,insight,fear; freedom; knowledge,,false,,attributed_unverified,,,,,false,
q_0968,Mario Andretti,mario-andretti,"If everything feels under control, you’re just not driving fast enough.",business,control; speed,,false,,attributed_unverified,,,,,false,
q_0969,Mark Twain,mark-twain,"travel is fatal to prejudice, bigotry, and narrow-mindedness",insight,,,false,,attributed_unverified,,,,,false,
q_0970,Mark Twain,mark-twain,"History doesn't repeat itself, but it does rhyme.",insight,history,,false,,likely_misattributed,,,,No Twain source; earliest attributions to Twain post-date his death by decades.,false,No Twain source; earliest attributions to Twain post-date his death by decades.
q_0971,Mark Twain,mark-twain,Do the thing you fear most and the death of fear is certain.,insight,fear; death,,false,,likely_misattributed,,,,No Twain source found in his published work or letters.,false,No Twain source found in his published work or letters.
q_0972,Mark Twain,mark-twain,"Courage is resistance to fear, mastery of fear, not absence of fear.",insight,courage; fear,,false,,attributed_unverified,,,,,false,
q_0973,Mark Twain,mark-twain,Twenty years from now you will be more disappointed by the things you didn't do than by the things you did. So throw off the bowlines. Sail away from the safe harbor. Explore. Dream.,insight,dream; explore; life; time,,false,,likely_misattributed,,,,No Twain source. First appears in 1990s self-help material attributed to H. Jackson Brown Jr.'s mother.,false,No Twain source. First appears in 1990s self-help material attributed to H. Jackson Brown Jr.'s mother.
q_0974,Mark Twain,mark-twain,Worrying about something is like paying interest on a debt you don't even know if you owe.,insight,worry,,false,,attributed_unverified,,,,,false,
q_0975,Mark Twain,mark-twain,"History doesn't repeat itself, but it rhymes.",insight,history,,false,,attributed_unverified,,,,,false,
q_0976,Mark Twain,mark-twain,"Whenever you find you are on the side of the majority, it is time to pause and reflect.",insight,reflect; majority; pause,,false,,attributed_unverified,,,,,false,
q_0977,Mark Twain,mark-twain,"Humor is the great thing, the saving thing. The minute it crops up, all our irritations and resentments slip away and a sunny spirit takes their place.""",insight,humor; attitude; spirit; irritation,,false,,attributed_unverified,,,,,false,
q_0978,Mark Twain,mark-twain,"The human race has one really effective weapon, and that is laughter.",humor,laughter; weapon; human,,false,,attributed_unverified,,,,,false,
q_0979,Mark Twain,mark-twain,"Age is an issue of mind over matter. If you don't mind, it doesn't matter.",humor,aging; mind; matter,,false,,attributed_unverified,,,,,false,
q_0980,Mark Twain,mark-twain,"If you tell the truth, you don't have to remember anything.",humor,truth; remember; honesty,,false,,attributed_unverified,,,,,false,
q_0981,Mark Twain,mark-twain,Don't go around saying the world owes you a living. The world owes you nothing. It was here first.,humor,money; finances; world; nothing,,false,,attributed_unverified,,,,,false,
q_0982,Mark Twain,mark-twain,"When I was a boy of 14, my father was so ignorant I could hardly stand to have the old man around. But when I got to be 21, I was astonished at how much the old man had learned in seven years.",humor,ignorance; father; parent; man; learn; boy,,false,,attributed_unverified,,,,,false,
q_0983,Mark Twain,mark-twain,"Whenever you find yourself on the side of the majority, it's time to pause and reflect.",humor,people; majority; reflect,,false,,attributed_unverified,,,,,false,
q_0984,Mark Twain,mark-twain,"Against the assault of laughter, nothing can stand.",humor,laughter; war; nothing,,false,,attributed_unverified,,,,,false,
q_0985,Mark Twain,mark-twain,"All you need in life is ignorance and confidence, and then success is sure.",humor,life; ignorance; success; confidence,,false,,attributed_unverified,,,,,false,
q_0986,Mark Twain,mark-twain,The secret to success is making your vocation your vacation.,business,success; work; vacation; humor,,true,,attributed_unverified,,,,,false,
q_0987,Mark Twain,mark-twain,You can't depend on your eyes when your imagination is out of focus.,creativity,imagination; focus; eyes; sight; vision,,true,,attributed_unverified,,,,,false,
q_0988,Mark Twain,mark-twain,Kindness is a language which the deaf can hear and the blind can see.,relationships,kindness; life; language,,false,,attributed_unverified,,,,,false,
q_0989,Mark Twain,mark-twain,"Grief can take care of itself, but to get the full value of joy you must have somebody to divide it with.",relationships,grief; joy; share; give,,false,,attributed_unverified,,,,,false,
q_0990,Mark Twain,mark-twain,The best way to cheer yourself up is to try to cheer somebody else up.,relationships,happiness; help; support,,false,,attributed_unverified,,,,,false,
q_0991,Mark Weiser,mark-weiser,The most profound technologies are those that disappear. They weave themselves into the fabric of everyday life until they are indistinguishable from it.,design,,,false,,attributed_unverified,,,,,false,
q_0992,Marquis de Vauvengras,marquis-de-vauvengras,There is nothing that fear does not make men believe.,insight,fear; belief,,false,,attributed_unverified,,,,,false,
q_0993,Marsha Norman,marsha-norman,Dreams are illustrations from the book your soul is writing about you.,insight,dreams; book; soul; writing,,false,,attributed_unverified,,,,,false,
q_0994,Marsha Sinetar,marsha-sinetar,"Instead of frittering away your vibrancy with worry or distraction, realize your mind and body are inextricably united. What calms and tones up one, soothes and improves the other.",insight,mind; body,,false,,attributed_unverified,,,,,false,
q_0995,Marsha Sinetar,marsha-sinetar,"When flowing water meets with obstacles on its path, a blockage in its journey, it pauses. It increases in volume and strength, filling up in front of the obstacle and eventually spilling past it... Emulate the example of the water: pause and build up your strength until the obstacle no longer represents a blockage.",business,water; obstacle; overcome; breakthrough; strength; path; journey; pause,,false,,attributed_unverified,,,,,false,
q_0996,Marshall B. Rosenberg,marshall-b-rosenberg,"When we focus on clarifying what is being observed, felt, and needed rather than on diagnosing and judging, we discover the depth of our own compassion.",insight,discover; focus; compassion,,false,,attributed_unverified,,,,,false,
q_0997,Marshall McLuhan,marshall-mcluhan,There are no passengers on spaceship earth. We are all crew.,relationships,earth; planet; united; community; teamwork,,false,,attributed_unverified,,,,,false,
q_0998,Martha Graham,martha-graham,"We look at the dance to impart the sensation of living in an affirmation of life, to energize the spectator into keener awareness of the vigor, the mystery, the humor, the variety, and the wonder of life.",creativity,dance; life; affirmation; energy; awareness; mystery; humor; wonder,,true,,attributed_unverified,,,,,false,
q_0999,Martha Graham,martha-graham,"There is a vitality, a life force, a quickening that is translated through you into action, and because there is only one of you in all time, this expression in unique. If you block it, it will never exist through any other medium and be lost. The world will not have it. It is not your business to determine how good it is; nor how valuable it is; nor how it compares with other expressions. It is your business to keep it yours, clearly and directly, to keep the channel open. You do not even have to believe in yourself or your work. You have to keep open and aware directly to the urges that motivate you. Keep the channel open. No artist is pleased. There is no satisfaction whatever at any time. There is only a queer, divine dissatisfaction; a blessed unrest that keeps us marching and makes us more alive than the others.",creativity,vitality; life; force; action; time; expression; unique; block; exist; lost; world; good; judgment; self; open; believe; work; awareness; motivation; artist; satisfaction; divine; alive; inspiration,,true,,attributed_unverified,,,,,false,
q_1000,Martha Graham,martha-graham,"There is only one of you in the world, just one. And if that is not fulfilled, then something has been lost.",creativity,world; lost; self,,false,,attributed_unverified,,,,,false,
q_1001,Martia Nelson,martia-nelson,True self simply refers to the aspect of our being that is completely aware of its expanded nature no matter what we may be experiencing in our lives.,spirit,true; self; being; aware; experience; life; vast,,false,,attributed_unverified,,,,,false,
q_1002,"Martin LeBlanc, Iconfinder",martin-leblanc-iconfinder,"A user interface is like a joke. If you have to explain it, it’s not that good.",design,,,false,,attributed_unverified,,,,,false,
q_1003,Martin Luther King Jr.,martin-luther-king-jr,As my sufferings mounted I soon realized that there were two ways in which I could respond to my situation - either to react with bitterness or seek to transform the suffering into a creative force. I decided to follow the latter course.,,healing,,false,,attributed_unverified,,,,,false,
q_1004,"Martin Luther King, Jr.",martin-luther-king-jr,Everybody can be great... because anybody can serve. You don't have to have a college degree to serve. You don't have to make your subject and verb agree to serve. You only need a heart full of grace. A soul generated by love.,insight,soul; service; life; love; heart; grace; great,,false,,attributed_unverified,,,,,false,
q_1005,Marvin Minsky,marvin-minsky,"Science and religion are not so different except that in science, the ultimate sin is believing too strongly.",insight,science; religion; sin; belief,,false,,attributed_unverified,,,,,false,
q_1006,Mary Anne Radmacher,mary-anne-radmacher,"Courage doesn't always roar. Sometimes courage is the quiet voice at the end of the day saying, ‘I will try again tomorrow.’",creativity,courage; roar; quiet; perseverance; voice; tomorrow,,false,,attributed_unverified,,,,,false,
q_1007,Mary Kay Ash,mary-kay-ash,"For every failure, there is an alternate course of action. You just have to find it.",,,,false,,attributed_unverified,,,,,false,
q_1008,Mary Lou Cook,mary-lou-cook,"Creativity is inventing, experimenting, growing, taking risks, breaking rules, making mistakes, and having fun.",creativity,invent; experiment; growth; rules; break; mistake; fun,,false,,attributed_unverified,,,,,false,
q_1009,Mary Manin Morrissey,mary-manin-morrissey,"Even though you may want to move forward in your life, you may have one foot on the brakes. In order to be free, we must learn how to let go. Release the hurt. Release the fear. Refuse to entertain your old pain. The energy it takes to hang onto the past is holding you back from a new life.",insight,energy; life; freedom; fear,,false,,attributed_unverified,,,,,false,
q_1010,Mary Manin Morrissey,mary-manin-morrissey,"It's easy to feel grateful when we receive a raise, meet the love of our life, or watch our children succeed, but spiritual gratitude is not circumstantial. It arises from a true knowing that God is our Source. We can feel thankful for every day, even in the middle of life's challenges.",spirit,gratitude; feeling; love; children; spiritual; knowing; god; source; challenges; life; day,,false,,attributed_unverified,,,,,false,
q_1011,Mary Oliver,mary-oliver,"When it's over, I want to say: all my life I was a bride married to amazement. I was the bridegroom, taking the world into my arms. When it's over, I don't want to wonder if I have made of my life something particular, and real. I don't want to find myself sighing and frightened, or full of argument. I don't want to end up simply having visited this world.",insight,life; amazement; world,,false,,attributed_unverified,,,,,false,
q_1012,Mary Pickford,mary-pickford,"If you have made mistakes, even serious ones, there is always another chance for you. What we call failure is not the falling down but the staying down.",business,mistake; failure; perseverance; opportunity,,false,,attributed_unverified,,,,,false,
q_1013,Mary Wollstonecraft,mary-wollstonecraft,No one chooses evil because it is evil; we only mistake it for happiness.,insight,evil; happiness; mistake; perception,,false,,attributed_unverified,,,,,false,
q_1014,Matt Hardy,matt-hardy,"Beauty can be seen in all things, seeing and composing the beauty is what separates the snapshot from the photograph.",creativity,beauty; perception; photograph,,false,,attributed_unverified,,,,,false,
q_1015,Max Lucado,max-lucado,"Conflict is inevitable, but combat is optional.",relationships,conflict; war; combat; choice,,false,,attributed_unverified,,,,,false,
q_1016,Max Planck,max-planck,There is no matter as such! All matter originates and exists only by virtue of a force. We must assume behind this force the existence of a conscious and intelligent Mind. This Mind is the matrix of all matter.,spirit,science; matter; material; force; conscious; mind; matrix; quantum,,false,,attributed_unverified,,,,,false,
q_1017,Maxwell Maltz,maxwell-maltz,Accept yourself as you are. Otherwise you will never see opportunity. You will not feel free to move toward it; you will feel you are not deserving.,insight,acceptance,,false,,attributed_unverified,,,,,false,
q_1018,Maxwell Maltz,maxwell-maltz,The most delightful surprise in life is to suddenly recognize your own worth.,insight,surprise; life,,false,,attributed_unverified,,,,,false,
q_1019,Maya Angelou,maya-angelou,"I long, as does every human being, to be at home wherever I find myself.",insight,,,true,,attributed_unverified,,,,,false,
q_1020,Maya Angelou,maya-angelou,I think we all have empathy. We may not have enough courage to display it.,insight,design,,false,,attributed_unverified,,,,,false,
q_1021,Maya Angelou,maya-angelou,"If you are always trying to be normal, you will never know how amazing you can be.",insight,individuality,,false,,attributed_unverified,,,,,false,
q_1022,Maya Angelou,maya-angelou,I believe talent is like electricity. We don't understand electricity. We use it.,creativity,talent; electricity; power; understanding; usefulness,,false,,attributed_unverified,,,,,false,
q_1023,Maya Angelou,maya-angelou,"I have found that among its other benefits, giving liberates the soul of the giver.",relationships,liberation; freedom; giving; generosity; soul,,false,,attributed_unverified,,,,,false,
q_1024,Meg Blackburn Losey,meg-blackburn-losey,I had to accept the assignment of my own existence. The responsibility of this seemed immense but in actuality my acceptance became the freedom to fly.,insight,acceptance; freedom,,false,,attributed_unverified,,,,,false,
q_1025,Meister Eckhart,meister-eckhart,"God is not found in the soul by adding anything, but by a process of subtraction.",spirit,god; addition; subtraction; discovery; self,,false,,attributed_unverified,,,,,false,
q_1026,Meister Eckhart,meister-eckhart,"As long as I am this or that, I am not all things.",spirit,identity; oneness; unity; self; thought,,false,,attributed_unverified,,,,,false,
q_1027,Meister Eckhart,meister-eckhart,"Christ’s birth is always happening. And yet if it doesn’t happen now, how can it help me? Everything depends on that.",spirit,christ; birth; now; help; mystical,,false,,attributed_unverified,,,,,false,
q_1028,Meister Eckhart,meister-eckhart,Being is God.,spirit,being; god; self,,false,,attributed_unverified,,,,,false,
q_1029,Melody Beattie,melody-beattie,"Gratitude unlocks the fullness of life. It turns what we have into enough, and more. It turns denial into acceptance, chaos to order, confusion to clarity. It can turn a meal into a feast, a house into a home, a stranger into a friend. Gratitude makes sense of our past, brings peace for today, and creates a vision for tomorrow.",insight,gratitude; life; anger,,false,,attributed_unverified,,,,,false,
q_1030,Melody Beattie,melody-beattie,"Gratitude unlocks the fullness of life. It turns what we have into enough, and more. It turns denial into acceptance, chaos to order, confusion to clarity. It can turn a meal into a feast, a house into a home, a stranger into a friend. Gratitude makes sense of our past, brings peace for today, and creates a vision for tomorrow.",insight,gratitude; life; acceptance; chaos; order; confusion; friend; peace; vision,,false,,attributed_unverified,,,,,false,
q_1031,Meredith L. Young-Sower,meredith-l-young-sower,"When we allow today to be as meaningful as possible and fill it with a positive, hopeful, and loving perspective, then we are much more likely to have a tomorrow, and it is more likely to also be good and healing.",insight,healing; love,,false,,attributed_unverified,,,,,false,
q_1032,Michael Altshuler,michael-altshuler,The bad news is time flies. The good news is you're the pilot.,humor,time; flight; pilot; bad; good; news,,true,,attributed_unverified,,,,,false,
q_1033,Michael Gerber,michael-gerber,"If you don't know where you are going, any path will get you there.",business,path; direction; purpose,,false,,attributed_unverified,,,,,false,
q_1034,Michael J. Fox,michael-j-fox,"I am careful not to confuse excellence with perfection. Excellence, I can reach for; perfection is God's business.",insight,perfection; god,,false,,attributed_unverified,,,,,false,
q_1035,Michael LeBeuf,michael-lebeuf,"The world is your mirror and your mind is a magnet. What you perceive in this world is largely a reflection of your own attitudes and beliefs. Life will give you what you attract with your thoughts think, act and talk negatively and your world will be negative. Think and act and talk with enthusiasm and you will attract positive results.",insight,world; mind; life; attraction; speech; reflection; mirror,,false,,attributed_unverified,,,,,false,
q_1036,Michael Levy,michael-levy,Allow the heavens and stars to praise your ability to become no-thing in a comfortable state of forgiving mindlessness. From this location God exists as your partner and you dance together as one spirit inside the rhythm of the cosmos.,spirit,heaven; stars; nothing; comfort; forgiveness; self; god; partner; dance; rhythm; universe; oneness; unity,,false,,attributed_unverified,,,,,false,
q_1037,Mignon McLaughlin,mignon-mclaughlin,Every society honors its live conformists and its dead troublemakers.,humor,society; dead; live; conformity,,false,,attributed_unverified,,,,,false,
q_1038,Mignon McLaughlin,mignon-mclaughlin,"A successful marriage requires falling in love many times, always with the same person.",relationships,marriage; romance; love,,true,,attributed_unverified,,,,,false,
q_1039,Milarepa,milarepa,The affairs of the world will go on forever. Do not delay the practice of meditation.,spirit,meditation; world; forever; time,,false,,attributed_unverified,,,,,false,
q_1040,Miller,miller,"Art is only a means to life, to the life more abundant. It is not in itself the life more abundant. It merely points the way, something which is overlooked not only by the public, but very often by the artist himself. In becoming an end it defeats itself.",creativity,art; abundance; life; means; point; direction; people; artist; end; defeat,,false,,attributed_unverified,,,,,false,
q_1041,Milton,milton,I love everything that flows.,spirit,flow; water; love,,false,,attributed_unverified,,,,,false,
q_1042,Milton Glaser,milton-glaser,Design and art are independent coordinates that provide their greatest satisfactions when experienced simultaneously.,design,,,false,,attributed_unverified,,,,,false,
q_1043,Mohammed,mohammed,Whoever knows himself knows God.,spirit,self; knowledge; god; mystical; islam,,false,,attributed_unverified,,,,,false,
q_1044,Mohammed Ali,mohammed-ali,Service to others is the rent you pay for your room here on earth.,relationships,service; money; earth; people; giving,,false,,attributed_unverified,,,,,false,
q_1045,Mohandas Gandhi,mohandas-gandhi,Never use violence of any kind. Never threaten violence in any way. Never even think violent thoughts. Never argue because it attacks another’s opinion. Never criticize because it attacks another’s ego. And your success is guaranteed.,relationships,violence; thoughts; opinion; criticize; attack; ego; success,,false,,attributed_unverified,,,,,false,
q_1046,Morpheus,morpheus,"The Matrix is everywhere. It is all around us, even now in this very room.",spirit,matrix; illusion; truth,,false,,attributed_unverified,,,,,false,
q_1047,Morris L. West,morris-l-west,"One has to abandon altogether the search for security, and reach out to the risk of living with both arms. One has to court doubt and darkness as the cost of knowing.",insight,life; darkness; security,,false,,attributed_unverified,,,,,false,
q_1048,Mother Teresa,mother-teresa,"The miracle is not that we do this work, but that we are happy to do it.",insight,miracle; work; happiness,,false,,attributed_unverified,,,,,false,
q_1049,Mother Teresa,mother-teresa,"People are often unreasonable, illogical, and self centered; Forgive them anyway. If you are kind, people may accuse you of selfish, ulterior motives; Be kind anyway. If you are successful, you will win some false friends and some true enemies; Succeed anyway. If you are honest and frank, people may cheat you; Be honest and frank anyway. What you spend years building, someone could destroy overnight; Build anyway. If you find serenity and happiness, they may be jealous; Be happy anyway. The good you do today, people will often forget tomorrow; Do good anyway. Give the world the best you have, and it may never be enough; Give the world the best you've got anyway. You see, in the final analysis, it is between you and God; It was never between you and them anyway.",insight,good; action; forgiveness; kindness; selfish; success; enemies; honesty; truth; build; destroy; serenity; happiness; jealousy; forget; give; god; self,,true,,attributed_unverified,,,,,false,
q_1050,Mother Teresa,mother-teresa,"The dying, the cripple, the mental, the unwanted, the unloved-- they are Jesus in disguise.",spirit,death; disease; service; mystic,,false,,attributed_unverified,,,,,false,
q_1051,Mother Teresa,mother-teresa,I'm not here to be successful. I'm here to be faithful.,spirit,success; faith; work; action; devotion; service,,true,,attributed_unverified,,,,,false,
q_1052,Mother Teresa,mother-teresa,"If you judge people, you have no time to love them.",relationships,judge; love; time,,false,,likely_misattributed,,,,Commonly attributed to her but no primary source.,false,Commonly attributed to her but no primary source.
q_1053,Mother Teresa,mother-teresa,"We realize that what we are accomplishing is a drop in the ocean. But if this drop were not in the ocean, it would be missed.",relationships,ocean; service; giving; small,,true,,attributed_unverified,,,,,false,
q_1054,Mother Theresa,mother-theresa,"We can not do great things, just small things with great Love.",insight,action; love,,false,,attributed_unverified,,,,,false,
q_1055,Mu Mon-kwan,mu-mon-kwan,"It is so clear it is very hard to see. You must know that the fire which you are seeking is the fire in your own lantern, and that your rice has been cooked from the very beginning.",spirit,perception; see; fire; lantern; food; self; mystical,,false,,attributed_unverified,,,,,false,
q_1056,Muhammad Ali,muhammad-ali,The man who has no imagination has no wings.,creativity,imagination; wings; person,,false,,attributed_unverified,,,,,false,
q_1057,Muhammad Ali,muhammad-ali,Impossible is just a word thrown around by small men who find it easier to live in the world they've been given than to explore the power they have to change it. Impossible is not a fact. It's an opinion. Impossible is potential. Impossible is temporary. Impossible is nothing.,insight,possibilities,,false,,attributed_unverified,,,,,false,
q_1058,Myla & Jon Kabat-Zinn,myla-jon-kabat-zinn,"Mindfulness means moment-to-moment, non-judgmental awareness. It is cultivated by refining our capacity to pay attention, intentionally, in the present moment, and then sustaining that attention over time as best we can. In the process, we become more in touch with our life as it is unfolding.",spirit,mindfulness; present; awareness; judgment; development; capacity; attention; intention; moment; time; process; touch; life; self,,false,,attributed_unverified,,,,,false,
q_1059,Myla Kabat-Zinn,myla-kabat-zinn,Each difficult moment has the potential to open my eyes and open my heart.,insight,difficulties; heart; open,,true,,attributed_unverified,,,,,false,
q_1060,Nagarjuna,nagarjuna,Contentment is true wealth.,insight,contentment; wealth,,false,,attributed_unverified,,,,,false,
q_1061,Naoto Fukasawa,naoto-fukasawa,Great design is a multi-layered relationship between human life and its environment.,design,context; design thinking,,false,,attributed_unverified,,,,,false,
q_1062,Napoleon Hill,napoleon-hill,Every adversity or failure carries with it the seed of an equivalent or a greater benefit.,business,adversity; failure; seed; growth; success; opportunity,,false,,attributed_unverified,,,,,false,
q_1063,Napoleon Hill & W. Clement Stone,napoleon-hill-w-clement-stone,It is in quiet that our best ideas occur to us. Don't make the mistake of believing that by a frantic kind of dashing around you are being your most effective and efficient self. Don't assume that you are wasting time when you take time out for thought.,creativity,quiet; stillness; mistake; belief; efficient; effective; self; assume; waste; time; thought,,false,,attributed_unverified,,,,,false,
q_1064,Natalie Goldberg,natalie-goldberg,"If you're having difficulty coming up with new ideas, then slow down. For me, slowing down has been a tremendous source of creativity. It has allowed me to open up -- to know that there's life under the earth and that I have to let it come through me in a new way. Creativity exists in the present moment. You can't find it anywhere else.",creativity,ideas; difficulty; time; slow; open; life; earth; present; now; discover,,false,,attributed_unverified,,,,,false,
q_1065,Nathaniel Alexander Owings,nathaniel-alexander-owings,"We will find our way because of a desire to create, and joie de vivre will move us rather than threats of death or extinction. What we do must be done for love, not fear.",creativity,love; fear; creativity,,true,,attributed_unverified,,,,,false,
q_1066,Nathaniel Branden,nathaniel-branden,"How do we nurture the soul? By revering our own life. By treating it as supremely important. By reaching for the best within ourselves. By learning to love it all, not only the joys and the victories, but also the pain and the struggles.",insight,struggle; difficulties; life; soul,,true,,attributed_unverified,,,,,false,
q_1067,Nathaniel Branden,nathaniel-branden,Self-acceptance is my refusal to be in an adversarial relationship to myself.,insight,acceptance,,false,,attributed_unverified,,,,,false,
q_1068,Nathaniel Hawthorne,nathaniel-hawthorne,"Nathaniel Hawthorne once famously said, “Happiness is a butterfly, which, when pursued, is always just beyond your grasp, but which, if you will sit down quietly, may alight upon you.”",insight,,,false,,attributed_unverified,,,,,false,
q_1069,Navajo saying,navajo-saying,"Bless those who challenge us to grow, to stretch, to move beyond the knowable, to come back home to our elemental and essential nature. Bless those who challenge us for they remind us of doors we have closed and doors we have yet to open. They are big medicine teachers for us.",insight,challenge; bless; essence; self; medicine; learning; teacher; native american,,false,,attributed_unverified,,,,,false,
q_1070,Neale Donald Walsch,neale-donald-walsch,Life begins at the end of your comfort zone.,insight,life; challenge,,false,,attributed_unverified,,,,,false,
q_1071,Neale Donald Walsch,neale-donald-walsch,"Yea, let all those who have ears to hear, listen. For I tell you this: at the critical juncture in all human relationships, there is only one question: What would love do now?",spirit,love; action; ears; listen; human; relationships; question,,true,,attributed_unverified,,,,,false,
q_1072,Nelson Henderson,nelson-henderson,"The true meaning of life is to plant trees, under whose shade you do not expect to sit.",insight,life; purpose,,false,,attributed_unverified,,,,,false,
q_1073,Nelson Mandela,nelson-mandela,It always seems impossible until it's done.,business,,,true,,attributed_unverified,,,,,false,
q_1074,Nelson Mandela,nelson-mandela,"You see, when there is danger, a good leader takes the front line. But when there is celebration, a good leader stays in the back room. If you want the cooperation of human beings around you, make them feel that they are important. And you do that by being humble.",business,danger; leader; celebrate; people; human; humility,,false,,attributed_unverified,,,,,false,
q_1075,Nelson Mandela,nelson-mandela,It always seems impossible until it's done.,business,creativity; possibility,,true,,attributed_unverified,,,,,false,
q_1076,Nicholas Evans,nicholas-evans,"Sometimes what seems like surrender isn't surrender at all. It's about what's going on in our hearts. About seeing clearly the way life is and accepting it and being true to it, whatever the pain, because the pain of not being true to it is far, far greater.",insight,life; heart; truth,,false,,attributed_unverified,,,,,false,
q_1077,Niels Bohr,niels-bohr,"Great innovations when they appear, seem muddled and strange. They are only half understood by their discoverer and remain a mystery to everyone else. But if an idea does not appear bizarre there is no hope for it.",business,innovation; discovery,,false,,attributed_unverified,,,,,false,
q_1078,Nietzsche,nietzsche,"We should consider every day lost on which we have not danced at least once, and we should call every truth false which was not accompanied by at least one laugh.",insight,dance; truth; false; laughter,"Philosophy, German",false,,attributed_unverified,,,,,false,
q_1079,Nietzsche,nietzsche,The higher we soar the smaller we appear to those who cannot fly.,insight,flight; appearance; small,"Philosophy, German",false,,attributed_unverified,,,,,false,
q_1080,Nietzsche,nietzsche,The belief in truth begins with the doubt of all truths in which one has previously believed.,insight,belief; truth; doubt,"Philosophy, German",false,,attributed_unverified,,,,,false,
q_1081,Nietzsche,nietzsche,Anything that has been explained ceases to interest us.,insight,interest; understanding,"Philosophy, German",false,,attributed_unverified,,,,,false,
q_1082,Nietzsche,nietzsche,The growth of wisdom may be gauged exactly by the diminution of ill-temper.,insight,growth; wisdom; attitude,"Philosophy, German",false,,attributed_unverified,,,,,false,
q_1083,Nietzsche,nietzsche,"I have a song to sing and I will sing it, although I am alone in an empty house and must sing to my own ears.",creativity,song; sing; alone; empty; house; ears; solitude,"Philosophy, German",false,,attributed_unverified,,,,,false,
q_1084,Isaac Newton,isaac-newton,"If I have made any valuable discoveries, it has been owing more to patient attention, than to any other talent.",,presence; noticing,,false,,attributed_unverified,,,,,false,
q_1085,Nikos Kazantzakis,nikos-kazantzakis,"By believing passionately in something that still does not exist, we create it. The non-existent is whatever we have not sufficiently desired.",insight,belief,,false,,attributed_unverified,,,,,false,
q_1086,Nikos Kazantzakis,nikos-kazantzakis,"A man needs a little madness, or else he never dares cut the rope and be free.",creativity,madness; crazy; freedom; daring,,false,,attributed_unverified,,,,,false,
q_1087,Norman Cousins,norman-cousins,All things are possible once enough human beings realize that everything is at stake.,insight,possibility; realization,,false,,attributed_unverified,,,,,false,
q_1088,Norman Vincent Peale,norman-vincent-peale,"It is an absolute, demonstrable fact that the person who really practices love - real love - rises so high above fear that it can no longer touch him. Where love is, fear cannot live. Love withers fear.",relationships,love; fear; fact; practice; high; touch; live,,false,,attributed_unverified,,,,,false,
q_1089,O. Wayne Rollins,o-wayne-rollins,"There’s no such thing as a self-made person. I’ve had much help and have found that if you are willing to work, many people are willing to help you.",business,self; success; help; support; work; people,,false,,attributed_unverified,,,,,false,
q_1090,Og Mandino,og-mandino,"Count your blessings. Once you realize how valuable you are and how much you have going for you, the smiles will return, the sun will break out, the music will play, and you will finally be able to move forward the life that God intended for you with grace, strength, courage, and confidence.",insight,strength; gratitude; god,,false,,attributed_unverified,,,,,false,
q_1091,Og Mandino,og-mandino,"I will love the light for it shows me the way, yet I will endure the darkness for it shows me the stars.",insight,love; light; darkness,,false,,attributed_unverified,,,,,false,
q_1092,Og Mandino,og-mandino,"Your only limitations are those you set up in your mind, or permit others to set up for you.",insight,mind; limitations,,false,,attributed_unverified,,,,,false,
q_1093,Og Mandino,og-mandino,"Laugh at yourself and at life. Not in the spirit of derision or whining self-pity, but as a remedy, a miracle drug, that will ease your pain, cure your depression, and help you to put in perspective that seemingly terrible defeat and worry with laughter at your predicaments, thus freeing your mind to think clearly toward the solution that is certain to come. Never take yourself too seriously.",insight,laughter; miracle; drug; pain; depression; help; perspective; defeat; worry; freedom; mind; think; clarity; solution; serious,,false,,attributed_unverified,,,,,false,
q_1094,Olga Broumas,olga-broumas,She who loves roses must be patient and not cry out when she is pierced by thorns.,insight,love; flowers; roses; thorns; patience,,false,,attributed_unverified,,,,,false,
q_1095,Oliver Goldsmith,oliver-goldsmith,Success consists of getting up just one more time than you fall.,business,success; perseverance,,false,,attributed_unverified,,,,,false,
q_1096,"Oliver Wendell Holmes, Jr.",oliver-wendell-holmes-jr,"One's mind, once stretched by a new idea, never regains its original dimensions.",insight,mind; thought; stretch,,false,,attributed_unverified,,,,,false,
q_1097,Oscar Wilde,oscar-wilde,"In this world there are only two tragedies. One is not getting what one wants, and the other is getting it.",insight,life; tragedy; desire; humor,"Author, British",true,,attributed_unverified,,,,,false,
q_1098,Oscar Wilde,oscar-wilde,"It is only about things that do not interest one that one can give an unbiased opinion, which is no doubt the reason why an unbiased opinion is always useless.",insight,humor; opinion,"Author, British",false,,attributed_unverified,,,,,false,
q_1099,Oscar Wilde,oscar-wilde,I can resist everything except temptation.,humor,resistance; temptation; discipline,"Author, British",false,,attributed_unverified,,,,,false,
q_1100,Oscar Wilde,oscar-wilde,The public is wonderfully tolerant. It forgives everything except genius.,humor,people; genius; forgiveness,"Author, British",false,,attributed_unverified,,,,,false,
q_1101,Oscar Wilde,oscar-wilde,"Imagination is a quality given a man to compensate him for what he is not, and a sense of humor was provided to console him for what he is.",humor,imagination; humor; people; consolation,"Author, British",true,,attributed_unverified,,,,,false,
q_1102,Oscar Wilde,oscar-wilde,Always forgive you enemies; nothing annoys them so much.,humor,forgiveness; enemy; annoy,"Author, British",false,,attributed_unverified,,,,,false,
q_1103,Oscar Wilde,oscar-wilde,"There is nothing that will cure the senses but the soul, and nothing that will cure the soul but the senses.",spirit,soul; senses; cure; nothing,"Author, British",false,,attributed_unverified,,,,,false,
q_1104,Oscar Wilde,oscar-wilde,Be yourself; everone else is already taken.,humor,self,"Author, British",true,,attributed_unverified,,,,,false,
q_1105,Oscar Wilde,oscar-wilde,The only way to get rid of temptation is to yield to it… I can resist everything buy temptation.,humor,,"Author, British",false,,attributed_unverified,,,,,false,
q_1106,Osho,osho,"Sharing is the very foundation, the source. Share your truth, share your meditation, share your love. Share whatsoever inner beauty arises in you, whatsoever inner glow arises in you. Share your inner flame and never be a miser, and you will become richer and richer, and there is no end to that richness.",spirit,sharing; giving; generosity; truth; meditation; love; beauty; inner; self; glow; flame; fire; wealth,,false,,attributed_unverified,,,,,false,
q_1107,Osho,osho,"Everybody has to be alert, aware, and drop all false hopes. Nobody can save you, and nobody has ever saved anybody. Masters have only shown the way. Because they have traveled on the path, they can save you unnecessary wandering, they can show you the straight way. But nobody can walk for you.",spirit,false; hope; save; self; masters; teachers; search; path; walk; straight,,false,,attributed_unverified,,,,,false,
q_1108,Osho,osho,"You are simply unique, incomparable. Accept this, love this, celebrate this -and in that very celebration you will start seeing the uniqueness of the others, the incomparable beauty of the others. Love is possible only when there is a deep acceptance of oneself, the other, the world. Acceptance creates the milieu in which love grows, the soil in which love blooms.",relationships,unique; love; celebrate; people; beauty; acceptance; self; world; growth; soil; bloom; flower,,false,,attributed_unverified,,,,,false,
q_1109,P. T. Barnum,p-t-barnum,The noblest art is that of making others happy.,insight,kindness,,true,,attributed_unverified,,,,,false,
q_1110,P. T. Barnum,p-t-barnum,No one ever made a difference by being like everyone else.,insight,self; uniquiness,,false,,attributed_unverified,,,,,false,
q_1111,Pablo Picasso,pablo-picasso,Art washes away from the soul the dust of everyday life.,creativity,,Artist,false,,attributed_unverified,,,,,false,
q_1112,Pablo Picasso,pablo-picasso,"I am always doing that which I cannot do, in order that I may learn how to do it.",creativity,art; learn; action; discovery; exploration,Artist,true,,attributed_unverified,,,,,false,
q_1113,Pablo Picasso,pablo-picasso,Everything is a miracle. It is a miracle that one does not dissolve in one's bath like a lump of sugar.,insight,miracle,Artist,false,,attributed_unverified,,,,,false,
q_1114,Pablo Picasso,pablo-picasso,The important thing is to create. Nothing else matters; creation is all.,creativity,creativity; creation; nothing,Artist,false,,attributed_unverified,,,,,false,
q_1115,Pablo Picasso,pablo-picasso,Good artists copy. Great artists steal.,creativity,steal; copy; artists; good; great,Artist,false,,attributed_unverified,,,,,false,
q_1116,Pablo Picasso,pablo-picasso,"I took me four years to paint like Raphael, but a lifetime to paint like a child.",creativity,painter; artist; paint; lifetime; child,Artist,false,,attributed_unverified,,,,,false,
q_1117,Pamela Harper,pamela-harper,"Without intentional, purposeful thought we might start to think that life events are somehow random. We might also venture onto the path of the ""victim"". My mantra states there are no victims - only volunteers. Every step of my journey is paved with a knowing that I am surrounded by divine opportunities to fulfill my purpose in prosperity.",insight,purpose; thought; path; journey; opportunity; prosperity,,false,,attributed_unverified,,,,,false,
q_1118,Paolo Coelho,paolo-coelho,"Remember that wherever your heart is, there you will find your treasure.",insight,purpose; authenticity; love,Author,true,,attributed_unverified,,,,,false,
q_1119,Papaji,papaji,The thief of peace is the desire for the transient.,insight,desire; transience; peace; thief,Hindu,true,,attributed_unverified,,,,,false,
q_1120,Paramahansa Yogananda,paramahansa-yogananda,"To me there is no difference between one person and another; I behold all as soul-reflections of the one God. I can't think of anyone as a stranger, for I know that we are all part of the One Spirit.",spirit,difference; person; god; reflection; soul; thought; stranger; oneness; unity,Hindu,false,,attributed_unverified,,,,,false,
q_1121,Patanjali,patanjali,"When you are inspired by some great purpose, some extraordinary project, all your thoughts break their bonds. Your mind transcends limitations. Your consciousness expands in every direction. And you find yourself in a new, great and wonderful world. Dormant forces, faculties and talents become alive and you discover yourself to be a greater person by far than you ever dreamed yourself to be.",insight,world; mind; purpose; consciousness; dream; creativity,,true,,attributed_unverified,,,,,false,
q_1122,Patricia Nourot,patricia-nourot,"If I get to pick what I want to do, then it's play... if someone else tells me that I have to do it, then it's work.",business,work; play; choice; obligation,,false,,attributed_unverified,,,,,false,
q_1123,Paul Boese,paul-boese,"Forgiveness does not change the past, but it does enlarge the future.",insight,forgiveness; future; change,,false,,attributed_unverified,,,,,false,
q_1124,Paul Ferrini,paul-ferrini,"Every lesson is a widening and deepening of consciousness. It is a stretching of the mind beyond its conceptual limits and a stretching of the heart beyond its emotional boundaries. It is a bringing of unconscious material into consciousness, a healing of past wounds, and a discovery of new faith and trust.",insight,learning; consciousness; emotions; heart; healing; discovery,,false,,attributed_unverified,,,,,false,
q_1125,Paul Hawken,paul-hawken,Only an organization that does not presume to know will be able to detect and use fresh new information from its environment. Planning must be firmly based on inquiry. Questions keep a business alive.,business,planning; knowledge; fresh; information; environment; inquiry; questions,Entrepreneur,false,,attributed_unverified,,,,,false,
q_1126,Paul Jewkes,paul-jewkes,I would rather see a crooked furrow than a field unplowed.,business,perfection; field; plow; action; work,,false,,attributed_unverified,,,,,false,
q_1127,Paul Rand,paul-rand,Simplicity is not the goal. It is the by-product of a good idea and modest expectations.,design,simplicity,,false,,attributed_unverified,,,,,false,
q_1128,Paul Rand,paul-rand,Design is so simple. That’s why it’s so complicated.,design,simplicity,,false,,attributed_unverified,,,,,false,
q_1129,Paul Rand,paul-rand,"To design is much more than simply to assemble, to order, or even to edit: it is to add value and meaning, to illuminate, to simplify, to clarify, to modify, to dignify, to dramatize, to persuade, and perhaps even to amuse. To design is to transform prose into poetry.",design,creativity,,false,,attributed_unverified,,,,,false,
q_1130,Paul Tillich,paul-tillich,The first duty of love is to listen.,relationships,listen; love; duty,,false,,attributed_unverified,,,,,false,
q_1131,Paulo Coelho,paulo-coelho,"You can become blind by seeing each day as a similar one. Each day is a different one, each day brings a miracle of its own. It's just a matter of paying attention to this miracle.",insight,miracle; time,,false,,attributed_unverified,,,,,false,
q_1132,Paulo Coelho,paulo-coelho,"Before a dream is realized, the Soul of the World tests everything that was learned along the way. It does this not because it is evil, but so that we can, in addition to realizing our dreams, master the lessons we've learned as we've moved towards that dream. That's the point at which most people give up. Every search begins with beginner's luck. And every search ends with the victor's being severely tested. The darkest hour of the night come just before the dawn.",insight,darkness; dawn; test dream; world; soul; perseverance; search; victor; night,,false,,attributed_unverified,,,,,false,
q_1133,Paulo Coelho,paulo-coelho,It’s the possibility of having a dream come true that makes life interesting.,creativity,dream; possibility; life,"Author,",true,,attributed_unverified,,,,,false,
q_1134,Pema Chodron,pema-chodron,"Gloriousness and wretchedness need each other. One inspires us, the other softens us.",insight,glory; wretched; need; inspiration; soften,"Buddhist, Tibetan",false,,attributed_unverified,,,,,false,
q_1135,Pema Chodron,pema-chodron,"A further sign of health is that we don't become undone by fear and trembling, but we take it as a message that it's time to stop struggling and look directly at what's threatening us.",insight,fear; health; message; look; perception; threat; struggle,"Buddhist, Tibetan",true,,attributed_unverified,,,,,false,
q_1136,Pema Chodron,pema-chodron,"If we learn to open our hearts, anyone, including the people who drive us crazy, can be our teacher.",insight,teacher; crazy; open; hearts; learn,"Buddhist, Tibetan",false,,attributed_unverified,,,,,false,
q_1137,Pema Chodron,pema-chodron,"When you begin to touch your heart or let your heart be touched, you begin to discover that it's bottomless, that it doesn't have any resolution, that this heart is huge, vast, and limitless. You begin to discover how much warmth and gentleness is there, as well as how much space.",insight,heart; touch; discover; vast; infinite; warmth; gentleness; space,"Buddhist, Tibetan",false,,attributed_unverified,,,,,false,
q_1138,Pema Chodron,pema-chodron,The truth you believe and cling to makes you unavailable to hear anything new.,insight,truth; belief; new,"Buddhist, Tibetan",false,,attributed_unverified,,,,,false,
q_1139,Pema Chödrön,pema-chödrön,You are the sky. Everything else – it’s just the weather.,spirit,identity; being; self,"Buddhist, Tibetan",true,,attributed_unverified,,,,,false,
q_1140,Pema Chödrön,pema-chödrön,Only to the extent that we expose ourselves over and over to annihilation can that which is indestructible in us be found.,spirit,,"Buddhist, Tibetan",false,,attributed_unverified,,,,,false,
q_1141,Philip Toshido,philip-toshido,"We are, all of us, the divine spirit gazing upon itself in a gigantic mirror.",spirit,divine; god; self; mirror; look,,false,,attributed_unverified,,,,,false,
q_1142,Picasso,picasso,Art is a lie that makes us realize the truth.,creativity,art; lie; realization; truth; artist,Artist,true,,attributed_unverified,,,,,false,
q_1143,Plato,plato,Do not keep children to their studies by compulsion but by play.,,,"Ancient Greek, Philosophy, Socratic",false,,attributed_unverified,,,,,false,
q_1144,Plato,plato,"Music gives a soul to the universe, wings to the mind, flight to the imagination, and life to everthing.",creativity,,"Ancient Greek, Philosophy, Socratic",false,,attributed_unverified,,,,,false,
q_1145,Plato,plato,"Be kind, for everyone you meet is fighting a hard battle.",insight,kindness,"Ancient Greek, Philosophy, Socratic",true,,attributed_unverified,,,,,false,
q_1146,Plato,plato,"One cannot make a slave of a free person, for a free person is free even in a prison.",insight,freedom,"Ancient Greek, Philosophy, Socratic",false,,attributed_unverified,,,,,false,
q_1147,Plato,plato,To do injustice is more disgraceful than to suffer it.,insight,injustice; suffer,"Ancient Greek, Philosophy, Socratic",true,,attributed_unverified,,,,,false,
q_1148,Plato,plato,The unexamined life is not worth living.,insight,self; awareness,"Ancient Greek, Philosophy, Socratic",false,,attributed_unverified,,,,,false,
q_1149,Plato,plato,"Music gives a soul to the universe, wings to the mind, flight to the imagination and life to everything.",creativity,,"Ancient Greek, Philosophy, Socratic",true,,attributed_unverified,,,,,false,
q_1150,Pythagoras,pythagoras,"Rest satisfied with doing well, and leave others to talk of you as they please.",insight,action; good; people; speech; satisfaction,,false,,attributed_unverified,,,,,false,
q_1151,Buckminster Fuller,buckminster-fuller,How often I found where I should be going only by setting out for somewhere else.,creativity,direction; discover; exploration,"Philosopher, Architect",false,,attributed_unverified,,,,,false,
q_1152,Reginald Horace Blyth,reginald-horace-blyth,Zen is the unsymbolization of the world.,spirit,symbols; thinking; ideas; world; mind,"Buddhist, Zen,",true,,attributed_unverified,,,,,false,
q_1153,Rabindranath Tagore,rabindranath-tagore,"I slept and dreamt that life was joy. I awoke and saw that life was service. I acted and behold, service was joy.",business,service; joy; dreams,,true,,attributed_unverified,,,,,false,
q_1154,Rabindranath Tagore,rabindranath-tagore,"I have become my own version of an optimist. If I can't make it through one door, I'll go through another door - or I'll make a door. Something terrific will come no matter how dark the present.",,optimism,,false,,attributed_unverified,,,,,false,
q_1155,Rabindranath Tagore,rabindranath-tagore,Love is the only reality and it is not a mere sentiment. It is the ultimate truth that lies at the heart of creation.,,love,,false,,attributed_unverified,,,,,false,
q_1156,Rabindranath Tagore,rabindranath-tagore,The highest education is that which does not merely give us information but makes our life in harmony with all existence.,,education,,false,,attributed_unverified,,,,,false,
q_1157,Rainer Maria Rilke,rainer-maria-rilke,There are no classes in life for beginners: right away you are always asked to deal with what is most difficult.,insight,life; learning; difficulties,"Author, German",false,,attributed_unverified,,,,,false,
q_1158,Rainer Maria Rilke,rainer-maria-rilke,I do only want to advise you to keep growing quietly and seriously throughout your whole development; you cannot disturb it more rudely than by looking outward and expecting from outside replies to questions that only your inmost feeling in your most hushed hour can perhaps answer.,insight,growth; transformation; feeling; question; answer,"Author, German",false,,attributed_unverified,,,,,false,
q_1159,Rainer Maria Rilke,rainer-maria-rilke,"If your everyday life seems poor, don't blame it; blame yourself; admit to yourself that you are not enough of a poet to call forth its riches; because for the creator there is no poverty and no indifferent place.",insight,wealth,"Author, German",false,,attributed_unverified,,,,,false,
q_1160,Rainer Maria Rilke,rainer-maria-rilke,"This is the miracle that happens every time to those who really love; the more they give, the more they possess of that precious nourishing love from which flowers and children have their strength and which could help all human beings if they would take it without doubting.",insight,miracle; love; giving; strength; doubt,"Author, German",true,,attributed_unverified,,,,,false,
q_1161,Rainer Maria Rilke,rainer-maria-rilke,"I beg you... to have patience with every thing unresolved in your heart and try to love the questions themselves as if they were locked rooms or books written in a very foreign language. Don't search for the answers, which could not be given to you now, because you would not be able to live them. And the point is, to live everything. Live the questions now. Perhaps then, someday far in the future, you will gradually, without ever noticing it, live your way into the answer...",insight,questions; answers; life; future; time,"Author, German",false,,attributed_unverified,,,,,false,
q_1162,Rainer Maria Rilke,rainer-maria-rilke,"Let everything happen to you, beauty and terror, just keep going. No feeling is final.",insight,feeling; beauty; terror,"Author, German",false,,attributed_unverified,,,,,false,
q_1163,Rainer Maria Rilke,rainer-maria-rilke,"You must give birth to your images. They are the future waiting to be born. Fear not the strangeness you feel. The future must enter you long before it happens. Just wait for the birth, for the hour of new clarity.",creativity,birth; future; images; fear; time; wait; clarity; patience,"Author, German",false,,attributed_unverified,,,,,false,
q_1164,Rainer Maria Rilke,rainer-maria-rilke,Whoever makes himself freer and more human in his own existence is doing his part towards peace.,relationships,freedom; human; existence; peace; world; service,"Author, German",false,,attributed_unverified,,,,,false,
q_1165,Ralph Gerard,ralph-gerard,"Reason can answer questions, but imagination has to ask them.",creativity,reason; imagination; questions; answer,,false,,attributed_unverified,,,,,false,
q_1166,Ralph Marston,ralph-marston,"There is a thought in your mind right now. The longer you hold on to it, the more you dwell upon it, the more life you give to that thought. Give it enough life, and it will become real. So make sure the thought is indeed a great one.",insight,thought; life; mind,,false,,attributed_unverified,,,,,false,
q_1167,Ralph Waldo Emerson,ralph-waldo-emerson,"To laugh often and much; to win the respect of intelligent people and the affection of children; to earn the appreciation of honest critics and endure the betrayal of false friends; to appreciate beauty; to find the best in others; to leave the world a bit better, whether by a healthy child, a garden patch, or a redeemed social condition; to know even one life has breathed easier because you have lived. This is to have succeeded.",insight,success; meaning of life,"Author, Poet, Philosopher",true,,attributed_unverified,,,,,false,
q_1168,Ralph Waldo Emerson,ralph-waldo-emerson,To be yourself in a world that is constantly trying to make you something else is the greatest accomplishment.,insight,world; accomplishment,"Author, Poet, Philosopher, Transcendentalist",false,,attributed_unverified,,,,,false,
q_1169,Ralph Waldo Emerson,ralph-waldo-emerson,A good intention clothes itself with power.,insight,power; intention,"Author, Poet, Philosopher, Transcendentalist",false,,attributed_unverified,,,,,false,
q_1170,Ralph Waldo Emerson,ralph-waldo-emerson,"We are all inventors, each sailing out on a voyage of discovery, guided each by a private chart, of which there is no duplicate. The world is all gates, all opportunities.",insight,discover; world,"Author, Poet, Philosopher, Transcendentalist",false,,attributed_unverified,,,,,false,
q_1171,Ralph Waldo Emerson,ralph-waldo-emerson,The invariable mark of wisdom is to see the miraculous in the common.,insight,wisdom; miracle; ordinary,"Author, Poet, Philosopher, Transcendentalist",false,,attributed_unverified,,,,,false,
q_1172,Ralph Waldo Emerson,ralph-waldo-emerson,Adopt the pace of Nature. Her secret is patience.,insight,nature; patience,"Author, Poet, Philosopher, Transcendentalist",false,,attributed_unverified,,,,,false,
q_1173,Ralph Waldo Emerson,ralph-waldo-emerson,Most of the shadows of this life are caused by standing in one's own sunshine.,insight,shadow; life; light; darkness,"Author, Poet, Philosopher, Transcendentalist",false,,attributed_unverified,,,,,false,
q_1174,Ralph Waldo Emerson,ralph-waldo-emerson,"When it is dark enough, you can see the stars.",insight,darkness; stars; light; vision,"Author, Poet, Philosopher, Transcendentalist",false,,attributed_unverified,,,,,false,
q_1175,Ralph Waldo Emerson,ralph-waldo-emerson,"Society is a masked ball, where everyone hides his own character, and reveals it by hiding.",insight,hide; reveal; society; mask,"Author, Poet, Philosopher, Transcendentalist",false,,attributed_unverified,,,,,false,
q_1176,Ralph Waldo Emerson,ralph-waldo-emerson,"To laugh often and much; to win the respect of intelligent people and affection of children; to earn the appreciation of honest critics and endure the betrayal of false friends; to appreciate beauty, to find the best in others; to leave the world a bit better, whether by a healthy child, a garden patch or a redeemed social condition; to know even one life has breathed easier because you have lived. This is to have succeeded.",insight,success; people; children; respect; appreciation; criticism; beauty; world; improvement; health; garden; life,"Author, Poet, Philosopher, Transcendentalist",false,,attributed_unverified,,,,,false,
q_1177,Ralph Waldo Emerson,ralph-waldo-emerson,"Don't waste your life in doubts and fears: spend yourself on the work before you, well assured that the right performance of this hour's duties will be the best preparation for the hours or ages that follow it.",business,life; waste; doubt; fear; work; right; time,"Author, Poet, Philosopher, Transcendentalist",false,,attributed_unverified,,,,,false,
q_1178,Ralph Waldo Emerson,ralph-waldo-emerson,Common sense is genius dressed in its working clothes.,business,common; genius; work; clothing; humor,"Author, Poet, Philosopher, Transcendentalist",true,,attributed_unverified,,,,,false,
q_1180,Ralph Waldo Emerson,ralph-waldo-emerson,"Great men are they who see that spiritual is stronger than any material force, that thoughts rule the world.",spirit,great; people; spiritual; force; material; perception; see; thoughts,"Author, Poet, Philosopher, Transcendentalist",false,,attributed_unverified,,,,,false,
q_1181,Ralph Waldo Emerson,ralph-waldo-emerson,It is one of the most beautiful compensations of this life that no man can sincerely try to help another without helping himself.,relationships,reward; help; self; life,"Author, Poet, Philosopher, Transcendentalist",true,,attributed_unverified,,,,,false,
q_1182,Ralph Waldo Emerson,ralph-waldo-emerson,"The world is his, who can see through its pretension… See it to be a lie, and you have already dealt it its mortal blow.",insight,world; perception; lie; mortality,"Author, Poet, Philosopher, Transcendentalist",false,,attributed_unverified,,,,,false,
q_1183,Ralph Waldo Trine,ralph-waldo-trine,"A miracle is nothing more or less than this. Anyone who has come into a knowledge of his true identity, of his oneness with the all-pervading wisdom and power, this makes it possible for laws higher than the ordinary mind knows of to be revealed to him.",insight,miracle; laws; knowledge; wisdom; power; mind; revelation,,false,,attributed_unverified,,,,,false,
q_1184,Ram Das,ram-das,"The quieter you become, the more you can hear.",spirit,quiet; hear; silence,Hindu,false,,attributed_unverified,,,,,false,
q_1185,Ram Das,ram-das,All spiritual disciplines are done with a view to still the mind. The perfectly still mind is universal spirit.,spirit,stillness; quiet; mine; perfect; mind; spirit; spiritual,Hindu,false,,attributed_unverified,,,,,false,
q_1186,Ram Das,ram-das,The next message you need is right where you are.,spirit,message; need; presence; help; support,Hindu,false,,attributed_unverified,,,,,false,
q_1187,Ram Das,ram-das,"In India when we meet and part we often say, ""Namaste,"" which means I honor the place in you where the entire universe resides, I honor the place in you of love, of light, of truth, of peace. I honor the place within you where if you are in that place in you and I am in that place in me, there is only one of us. Namaste.",spirit,spirit; universe; unity; oneness; truth; peace; love; light; india,Hindu,false,,attributed_unverified,,,,,false,
q_1188,Rama Choomarasawmy,rama-choomarasawmy,"No distinction can be drawn between art and contemplation. The artists is first of all required to remove himself from human to celestial levels of appreciation; at this level and in a state of unification, no longer having in view anything external to himself, he sees and realizes, that is to say becomes, what he is afterwards to represent…",creativity,art; artist; contemplation; human; celestial; realm; appreciation; unity; external; perception; realization; self,,true,,attributed_unverified,,,,,false,
q_1189,Ramakrishna,ramakrishna,The fabled musk deer searches the world over for the source of the scent which comes from itself.,spirit,animal; perception; deer; search; world; self; mystical; hindu,Hindu,false,,attributed_unverified,,,,,false,
q_1190,Ramana Maharshi,ramana-maharshi,"From silence came the ego, from the ego came thought, and from thought came speech. If speech is effective, how much more effective must be its source!",insight,silence; thought; speech; ego; effective; source; spirit,Hindu,false,,attributed_unverified,,,,,false,
q_1191,Ray Bradbury,ray-bradbury,We are the miracle of force and matter making itself over into imagination and will. Incredible. The Life Force experimenting with forms. You for one. Me for another. The Universe has shouted itself alive. We are one of the shouts.,insight,universe; miracle; life,,false,,attributed_unverified,,,,,false,
q_1192,Raymond Inmon,raymond-inmon,"If you are seeking creative ideas, go out walking. Angels whisper to a man when he goes for a walk.",creativity,walk; creative; ideas; angels; whisper; inspiration; listen,,false,,attributed_unverified,,,,,false,
q_1193,Reggie Leach,reggie-leach,Success is not the result of spontaneous combustion. You must set yourself on fire.,creativity,success; fire; self; effort; result; spontaneous; artist,,true,,attributed_unverified,,,,,false,
q_1194,Rev. Mary Manin Morrissey,rev-mary-manin-morrissey,"Spirit has placed a dream in your heart for a better world, starting with your family, extending to your work, community, country and stretching beyond your nation. Speak your truth and inspire others, for you are meant to make a significant and sizable difference.",spirit,spirit; heart; world; improvement; family; work; action; community; nation; country; inspire; change,,false,,attributed_unverified,,,,,false,
q_1195,Reverend Cecil Williams,reverend-cecil-williams,"""You've got to pray like it's all up to God, and work like it's all up to you.""",spirit,pray; work; god,Christian,true,,attributed_unverified,,,,,false,
q_1196,Richard Avedon,richard-avedon,"Start with a style and you are in chains, start with an idea and you are free.",creativity,creativity; freedom; art,,false,,attributed_unverified,,,,,false,
q_1197,Richard Bach,richard-bach,What the caterpillar calls the end of the world the master calls a butterfly.,insight,transformation; butterfly; world,Author,false,,attributed_unverified,,,,,false,
q_1198,Richard Bach,richard-bach,"Sooner or later, those who win are those who think they can.",business,win; perception; attitude; success; thought,Author,false,,attributed_unverified,,,,,false,
q_1199,Richard Carlson,richard-carlson,Reflection is one of the most underused yet powerful tools for success.,business,reflection; success; power; tool,,false,,attributed_unverified,,,,,false,
q_1200,Richard M DeVos,richard-m-devos,"If I had to select one quality, one personal characteristic that I regard as being most highly correlated with success, whatever the field, I would pick the trait of persistence. Determination. The will to endure to the end, to get knocked down seventy times and get up off the floor saying, ‘Here comes number seventy-one.’",business,success; perseverance; determination; will; end; obstacle,,false,,attributed_unverified,,,,,false,
q_1201,Richard Nelson Bolles,richard-nelson-bolles,"One of the saddest lines in the world is, 'Oh come now - be realistic.' The best parts of this world were not fashioned by those who were realistic. They were fashioned by those who dared to look hard at their wishes and gave them horses to ride.",insight,world; creativity,,false,,attributed_unverified,,,,,false,
q_1202,Richard Schechner,richard-schechner,"Excellence in art is, ultimately, a function of wholeness as a human being.",creativity,art; excellence; wholeness; human,,false,,attributed_unverified,,,,,false,
q_1203,Robert A. Johnson,robert-a-johnson,"When I say that ‘I love,’ it is not I who love, but in reality Love who acts through me. Love is not so much something I do as something that I am. Love is not a doing but a state of being - a relatedness, a connectedness to another mortal, an identification with her or him that simply flows within me and through me, independent of my intentions or my efforts.",relationships,self; love; action; being; connection; oneness; effort; intention; flow,,true,,attributed_unverified,,,,,false,
q_1204,Robert Allen,robert-allen,There is no such thing as security. There are only varying degrees of risk.,business,risk; security,,false,,attributed_unverified,,,,,false,
q_1205,Robert Allen,robert-allen,Every rejection is valuable to those who persist.,business,persistence; determination; valuable; rejection; obstacle; work,,false,,attributed_unverified,,,,,false,
q_1206,Robert Allen,robert-allen,"Herb True once said, “What people don’t realize is that successful people often have more failures than failures do. But they keep going.” You don’t drown by falling in the water. You drown by staying there.",business,success; failure; perseverance; people; water; drown; action; work,,false,,attributed_unverified,,,,,false,
q_1207,Robert Browning,robert-browning,Our aspirations are our possibilities.,insight,aspiration; possibilities,,false,,attributed_unverified,,,,,false,
q_1208,Robert F. Kennedy,robert-f-kennedy,"Progress is a nice word, but change is its motivator and change has enemies.",insight,change,,false,,attributed_unverified,,,,,false,
q_1209,Robert Frost,robert-frost,Happiness makes up in height for what it lacks in length.,insight,happiness,,false,,attributed_unverified,,,,,false,
q_1210,Robert Frost,robert-frost,The best way out is always through.,insight,transformation,,false,,attributed_unverified,,,,,false,
q_1211,Robert Fulghum,robert-fulghum,"“For all my good intentions, there are days when things go wrong or I fall into old habits. When things are not going well, when I'm grumpy or mad, I'll realize that I've not been paying attention to my soul and I've not been following my best routine.”",spirit,intention; habit; wrong; anger; soul; attention,,false,,attributed_unverified,,,,,false,
q_1212,Robert H. Schuller,robert-h-schuller,Impossible situations can become possible miracles.,insight,miracle; change,,false,,attributed_unverified,,,,,false,
q_1213,Robert Henri,robert-henri,The object isn't to make art; it's to be in the wonderful state which makes art inevitable.,creativity,,,true,,attributed_unverified,,,,,false,
q_1214,Robert L. Peters,robert-l-peters,Design creates culture. Culture shapes values. Values determine the future.,design,,,false,,attributed_unverified,,,,,false,
q_1215,Robert Louis Stevenson,robert-louis-stevenson,Saints are sinners who kept going.,insight,sin; transformation,,false,,attributed_unverified,,,,,false,
q_1216,Robert M. Pirsig,robert-m-pirsig,The only Zen you find on the tops of mountains is the Zen you bring up there.,spirit,zen; mountain; discover; self,,false,,attributed_unverified,,,,,false,
q_1217,Robert Service,robert-service,"Be master of your petty annoyances and conserve your energies for the big, worthwhile things. It isn't the mountain ahead that wears you out - it's the grain of sand in your shoe.",insight,difficulties,,false,,attributed_unverified,,,,,false,
q_1218,Roberta Sage Hamilton,roberta-sage-hamilton,"In our deepest moments of struggle, frustration, fear, and confusion, we are being called upon to reach in and touch our hearts. Then, we will know what to do, what to say, how to be. What is right is always in our deepest heart of hearts. It is from the deepest part of our hearts that we are capable of reaching out and touching another human being. It is, after all, one heart touching another heart.",relationships,frustration; fear; confusion; struggle; touch; heart; action; being; right; deep; human,,false,,attributed_unverified,,,,,false,
q_1219,Roger DeBussy-Rabutin,roger-debussy-rabutin,"Absence is to love what wind is to a fire; it puts out the little, it kindles the great.",relationships,love; wind; fire; great; absence,,false,,attributed_unverified,,,,,false,
q_1220,Roger Williams,roger-williams,"The greatest crime in the world is not developing your potential. When you do what you do best, you are helping not only yourself, but the world.",insight,potential; growth; world,,false,,attributed_unverified,,,,,false,
q_1221,Ron Rathbun,ron-rathbun,"Be at peace with yourself. If you are not at peace with yourself, you are at peace with nothing.",insight,peace; self,,false,,attributed_unverified,,,,,false,
q_1222,Ron Rathbun,ron-rathbun,What you find in your mind is what you put there. Put good things in there.,insight,mind; intention; good,,false,,attributed_unverified,,,,,false,
q_1223,Rosemary Fillmore Rhea,rosemary-fillmore-rhea,"The world we are experiencing today is the result of our collective consciousness, and if we want a new world, each of us must start taking responsibility for helping create it.",insight,world; consciousness; creation,,false,,attributed_unverified,,,,,false,
q_1224,Rousseau,rousseau,"The golden age, which blind superstition situated behind or ahead of us is in us.",spirit,time; within; golden; superstition; self; creativity; perception; inner,,true,,attributed_unverified,,,,,false,
q_1225,Rumer Godden,rumer-godden,"There is an Indian belief that everyone is in a house of four rooms: A physical, a mental, an emotional and a spiritual. Most of us tend to live in one room most of the time, but unless we go into every room everyday, even if only to keep it aired, we are not complete.",insight,belief; spirit,,false,,attributed_unverified,,,,,false,
q_1226,Rumi,rumi,What bread looks like depends on whether you’re hungry or not.,insight,food; perception; hunger,"Sufi, Mystic, Poet",false,,attributed_unverified,,,,,false,
q_1227,Rumi,rumi,Let the beauty you love be what you do.,creativity,love; beauty; action; work; purpose,"Sufi, Mystic, Poet",false,,attributed_unverified,,,,,false,
q_1228,Rumi,rumi,"I have lived on the lip of insanity, wanting to know reasons, knocking on a door. It opens. I've been knocking from the inside!",spirit,life; confusion; insanity; crazy; door; knock; inside; reason; thinking; search; sufi,"Sufi, Mystic, Poet",false,,attributed_unverified,,,,,false,
q_1229,Rumi,rumi,"To grasp God’s beauty, you must become God.",spirit,god; beauty; sufi; mystical,"Sufi, Mystic, Poet",false,,attributed_unverified,,,,,false,
q_1230,Rumi,rumi,"A grain of sand left its father. Its father was a boulder. Only then was it introduced to an oyster, and became a pearl.",spirit,evolution; sufi; mystical; pearl; oyster,"Sufi, Mystic, Poet",false,,attributed_unverified,,,,,false,
q_1231,Rumi,rumi,Don’t be like the rider who gallops all night and never sees the horse that is beneath him.,spirit,sufi; perception; horse; animal; mystical; self,"Sufi, Mystic, Poet",false,,attributed_unverified,,,,,false,
q_1232,Rumi,rumi,"The minute I heard my first love story, I started looking for you, not knowing how blind that was. Lovers don't finally meet somewhere. They're in each other all along.",relationships,love; romance; lovers; search; within,"Sufi, Mystic, Poet",false,,attributed_unverified,,,,,false,
q_1233,Rumi,rumi,The soul is here for its own joy.,insight,soul; joy; self,"Sufi, Mystic, Poet",false,,attributed_unverified,,,,,false,
q_1234,Rumi,rumi,"Your task is not to seek for love, but merely to seek and find all the barriers within yourself that you have built against it.",relationships,love; seek,"Sufi, Mystic, Poet",false,,attributed_unverified,,,,,false,
q_1235,Rumi,rumi,Your body is woven from the light of heaven.,spirit,,"Sufi, Mystic, Poet",true,,attributed_unverified,,,,,false,
q_1236,Rumi,rumi,The wound is the place where the Light enters you.,,healing,"Sufi, Mystic, Poet",true,,attributed_unverified,,,,,false,
q_1237,Rumi,rumi,Every soul becomes gold when touched by the Beloved.,,love,"Sufi, Mystic, Poet",true,,attributed_unverified,,,,,false,
q_1238,Rumi,rumi,"Dance, when you’re broken open. Dance, if you’ve torn the bandage off. Dance in the middle of the fighting. Dance in your blood. Dance when you’re perfectly free.",insight,dance; freedom; grief; healing; conflict,"Sufi, Mystic, Poet",true,,attributed_unverified,,,,,false,
q_1239,"Russell Schweickart, Astronaut",russell-schweickart-astronaut,"You realize that on that small spot, that little blue and white thing, is everything that means anything to you - all of history and music and poetry and art and death and birth and love, tears, joy, games, all of it on that little spot out there... You recognize that you are a piece of this total life... And when you come back there is a difference in that world now. There is a difference in that relationship between you and that planet and you and all those other forms of life on that planet, because you've had that kind of experience.",relationships,earth; planet; history; music; poetry; art; death; birth; love; tears; joy; recognize; life; world; relationship; experience; mystical; oneness,,false,,attributed_unverified,,,,,false,
q_1240,Sabrina Ward Harrison,sabrina-ward-harrison,The pain is equal to the attachment.,insight,attachment; pain; buddhism,,false,,attributed_unverified,,,,,false,
q_1241,Saint Augustine,saint-augustine,The key to immortality is first living a life worth remembering.,spirit,immortality; life; remember; live; key,,false,,attributed_unverified,,,,,false,
q_1242,Salvador Dali,salvador-dali,Have no fear of perfection—you’ll never reach it.,design,perfect; perfectionism,Arist,false,,attributed_unverified,,,,,false,
q_1243,Samuel Johnson,samuel-johnson,Every submission to our fear enlarges its domain.,insight,fear,,false,,attributed_unverified,,,,,false,
q_1244,Samuel Johnson,samuel-johnson,Pleasure is very seldom found where it is sought; our brightest blazes of gladness are commonly kindled by unexpected sparks.,insight,pleasure; light,,false,,attributed_unverified,,,,,false,
q_1245,Samuel Rogers,samuel-rogers,"It doesn't much signify whom one marries, for one is sure to find out the next morning that it was someone else.",relationships,humor; marriage; discover; change,,false,,attributed_unverified,,,,,false,
q_1246,Samurai maxim,samurai-maxim,The angry man will defeat himself in battle as well as in life.,insight,anger; battle; war; life; defeat,Samurai,false,,attributed_unverified,,,,,false,
q_1247,Sanaya Roman & Duane Pack,sanaya-roman-duane-pack,"View money and things not as something you create to fill a lack, but as tools to help you more fully express yourself and realize your potential.",business,money; tool; self; potential,,false,,attributed_unverified,,,,,false,
q_1248,Sanaya Roman & Duane Packer,sanaya-roman-duane-packer,Don’t discard your fantasies as merely wishful thinking. Honor them as messages from the deepest part of your being about what you can do and directions you can choose.,creativity,fantasy; thinking; honor; message; deep; being; self; direction; choice; dream,,false,,attributed_unverified,,,,,false,
q_1249,Sandra Anne Taylor,sandra-anne-taylor,"""All of your self-honoring choices will tend to promote your sense of dignity, personal and authentic power, and sense of balance. Sometimes the most self-honoring choices don't come easy and don't feel good at all; They may feel risky, difficult and uncertain. Other times the most self-honoring choices will feel completely natural to you -- they'll feel exhilarating, giving you a sense of liberation and joyous self-actualization.""",spirit,authentic; honor; power; balance; self; choice; dignity; good; risk; difficult; liberation; actualization,,false,,attributed_unverified,,,,,false,
q_1250,Sara Paddison,sara-paddison,Sincere forgiveness isn't colored with expectations that the other person apologize or change. Don't worry whether or not they finally understand you. Love them and release them. Life feeds back truth to people in its own way and time...,insight,forgiveness; truth; love; change,,false,,attributed_unverified,,,,,false,
q_1251,Sara Paddison,sara-paddison,"When you have compassion and surrender to your own heart, you are surrendering to the hidden power in your heart, God. You are surrendering to love, because God is Love, the cohesive force of the universe that connects us all. Surrender is not just a religious concept; it's a power tool for listening to the voice of your spirit and following its directions. When you surrender your head to your heart, you allow your heart to give you a wider, higher intelligence perspective. Remember the phrase, ‘The real teacher is within you.’ Very simply, that teacher is to be found in the common sense of your own heart.",spirit,compassion; heart; surrender; hidden; god; love; force; universe; connection; people; religious; concept; power; tool; voice; direction; intelligence; perspective; teacher; within; self,,false,,attributed_unverified,,,,,false,
q_1252,Sarah Ban Breathnach,sarah-ban-breathnach,We can no longer afford to throw away even one ‘unimportant’ day by not noticing the wonder of it all. We have to be willing to discover and then appreciate the authentic moments of happiness available to all of us every day.,insight,discovery; happiness; time,,false,,attributed_unverified,,,,,false,
q_1253,Sarah Bernhardt,sarah-bernhardt,Life begets life. Energy creates energy. It is by spending oneself that one becomes rich.,insight,life; wealth; energy; finances,,false,,attributed_unverified,,,,,false,
q_1254,Sathya Sai Baba,sathya-sai-baba,"Man loves because he is love. He seeks joy, for he is joy. He thirsts for God for he is composed of God and he cannot exist without God.",spirit,love; being; self; joy; god; existence,Hindu,false,,attributed_unverified,,,,,false,
q_1255,Saul Bass,saul-bass,Design is thinking made visible.,design,,,false,,attributed_unverified,,,,,false,
q_1256,Saul Gorn,saul-gorn,"It is well known that the longer one postpones a pleasure, the greater the pleasure is when one finally gets it. Therefore, if one postpones it forever, the pleasure should be infinite.",insight,pleasure; infinite; gratification; delay; time; humor,,false,,attributed_unverified,,,,,false,
q_1257,Saul Gorn,saul-gorn,"I am a firm believer in optimism because without optimism, what else is there?",humor,optimism; belief,,false,,attributed_unverified,,,,,false,
q_1258,Seneca,seneca,There is no delight in owning anything unshared.,relationships,share; joy; ownership,"Ancient Greek, Philosophy",false,,attributed_unverified,,,,,false,
q_1259,"Seng T'san, Third Zen Patriarch",seng-tsan-third-zen-patriarch,"When the mind exists undisturbed in the Way, nothing in the world can offend, and when a thing can no longer offend, it ceases to exist in the old way... If you wish to move in the One Way do not dislike even the world of senses and ideas. Indeed, to accept them fully is identical with true Enlightenment.",spirit,enlightenment; true; self; mind; world; offend; existence; dislike; senses; ideas; thoughts; acceptance; zen; buddhism,"Buddhism, Zen",false,,attributed_unverified,,,,,false,
q_1260,"Seng T'san, Third Zen Patriarch",seng-tsan-third-zen-patriarch,To set up what you like against what you don't like - this is the disease of the mind.,spirit,zen; disease; mind; preferences,"Buddhism, Zen",false,,attributed_unverified,,,,,false,
q_1261,"Seng T'san, Third Zen Patriarch",seng-tsan-third-zen-patriarch,"No yesterday, no tomorrow, and no today.",spirit,zen; time; now; past; future,"Buddhism, Zen",false,,attributed_unverified,,,,,false,
q_1262,"Seng T'san, Third Zen Patriarch",seng-tsan-third-zen-patriarch,"Don't seek reality, just put an end to opinions.",spirit,zen; opinion; reality; end,"Buddhism, Zen",false,,attributed_unverified,,,,,false,
q_1263,"Seng T'san, Third Zen Patriarch",seng-tsan-third-zen-patriarch,"Step aside from all thinking, and there is nowhere you can’t go.",insight,thinking; journey; step; zen,"Buddhism, Zen",false,,attributed_unverified,,,,,false,
q_1264,Sequichie Comingdeer,sequichie-comingdeer,The death of fear is in doing what you fear to do.,insight,death; fear; action,,false,,attributed_unverified,,,,,false,
q_1265,Shakti Gawain,shakti-gawain,"Ultimately, what we are looking to is the deepest connection within ourselves. As we get more connected to that, we begin to feel in harmony with other people and with the rest of the world.",insight,connection; world; harmony,,false,,attributed_unverified,,,,,false,
q_1266,Shakti Gawain,shakti-gawain,"Most of us are in touch with our intuition whether we know it or not, but we're usually in the habit of doubting or contradicting it so automatically that we don't even know it has spoken.",insight,intuition; confusion,,false,,attributed_unverified,,,,,false,
q_1267,Shakti Gawain,shakti-gawain,"Evil (ignorance) is like a shadow - it has no real substance of its own, it is simply a lack of light. You cannot cause a shadow to disappear by trying to fight it, stomp[ing] on it, by railing against it, or any other form of emotional or physical resistance. In order to cause a shadow to disappear, you must shine light on it.",insight,shadow; light; evil; ignorance,,false,,attributed_unverified,,,,,false,
q_1268,Shakti Gawain,shakti-gawain,"The most positive and empowering way to relate to money is to let it be a teacher for you. Assume that whatever is happening in your financial reality is in some way a reflection of your internal process, something you can learn from, and something that can help you in your self-development.",business,money; teacher; learning; finances; reality; reflection; inner; process; self; help,,false,,attributed_unverified,,,,,false,
q_1269,Shakti Gawain,shakti-gawain,"The people we are in relationship with are always a mirror, reflecting our own beliefs, and simultaneously we are mirrors reflecting their beliefs. So relationship is one of the most powerful tools for growth... if we look honestly at our relationships we can see so much about how we have created them.",relationships,people; mirror; reflection; beliefs; tool; power; honesty; creation,,false,,attributed_unverified,,,,,false,
q_1270,Shalom Ormsby,shalom-ormsby,To discover one’s own divinity is to become incapable of denying it in others.,spirit,divinity; self; awareness; perception; truth; people; discover,,false,,attributed_unverified,,,,,false,
q_1271,Sherrill Sellman,sherrill-sellman,There are times when we may fool ourselves. There are times when we can fool others. But we can never fool our body. It is the most sensitive barometer of our inner world.,insight,body,,false,,attributed_unverified,,,,,false,
q_1272,Shirley Hufstedler,shirley-hufstedler,If you play it safe in life you've decided that you don't want to grow any more.,insight,growth; life,,false,,attributed_unverified,,,,,false,
q_1273,Shunryu Suzuki,shunryu-suzuki,"In the beginner's mind there are many possibilities, but in the expert's mind there are few.",spirit,zen; beginner; expert; possibility; mind; learning,"Buddhist, Zen",false,,attributed_unverified,,,,,false,
q_1274,Shunryu Suzuki,shunryu-suzuki,"Zen is not some kind of excitement, but merely concentration on our usual everyday routine.",spirit,zen; concentration; ordinary; routine,"Buddhist, Zen",false,,attributed_unverified,,,,,false,
q_1275,Shunryu Suzuki,shunryu-suzuki,The world is its own magic.,spirit,world; magic,"Buddhist, Zen",true,,attributed_unverified,,,,,false,
q_1276,Shunryu Suzuki,shunryu-suzuki,"Wherever you go you will find your teacher, as long as you have the eyes to see and the ears to hear.",insight,perception; learning,"Buddhist, Zen",false,,attributed_unverified,,,,,false,
q_1277,Sidney Madwed,sidney-madwed,"Our subconscious minds have no sense of humor, play no jokes and cannot tell the difference between reality and an imagined thought or image. What we continually think about eventually will manifest in our lives.",insight,thought,,false,,attributed_unverified,,,,,false,
q_1278,Sigmund Freud,sigmund-freud,Thought is action in rehearsal.,insight,thought; action; practice,Psychologist,false,,attributed_unverified,,,,,false,
q_1279,Sir Arthur Conan Doyle,sir-arthur-conan-doyle,"The world is full of obvious things, which nobody by any chance ever notices.",humor,observation,"Author, British",false,,attributed_unverified,,,,,false,
q_1280,Sir Isaac Newton,sir-isaac-newton,"I do not know what I am to the world, but to myself, I am but a small boy, playing on the seashore, searching for an ever more perfect pebble or seashell, while before me lies the great ocean of truth.",creativity,sea; ocean; perfect; seashell; truth; world; boy; play,"Scientist, Physicist",false,,attributed_unverified,,,,,false,
q_1281,Sir John Lubbock,sir-john-lubbock,"When we have done our best, we should wait the result in peace.",insight,action; peace,,false,,attributed_unverified,,,,,false,
q_1282,Sir Ken Robinson,sir-ken-robinson,"If you’re not prepared to be wrong, you’ll never come up with anything original.",design,,,false,,attributed_unverified,,,,,false,
q_1283,Sir Winston Churchill,sir-winston-churchill,"Everyone stumbles over the truth from time to time, but most people pick themselves up and hurry off as though nothing ever happened.",insight,truth; discovery,Political Leader,false,,attributed_unverified,,,,,false,
q_1284,Sir Winston Churchill,sir-winston-churchill,A lie gets halfway around the world before the truth has a chance to get its pants on.,insight,truth; humor,Political Leader,false,,attributed_unverified,,,,,false,
q_1286,Sogyal Rinpoche,sogyal-rinpoche,"Two people have been living in you all your life. One is the ego, garrulous, demanding, hysterical, calculating; the other is the hidden spiritual being, whose still voice of wisdom you have only rarely heard or attended to - you have uncovered in yourself your own wise guide.",insight,wisdom; life; ego; spirit,"Buddhist, Tibetan",false,,attributed_unverified,,,,,false,
q_1287,Soren Kierkegaard,soren-kierkegaard,"Be with what is, so that what is to be may become.",insight,acceptance,"Philosopher, Danish",false,,attributed_unverified,,,,,false,
q_1288,Soren Kierkegaard,soren-kierkegaard,"If I were to wish for anything, I should not wish for wealth and power, but for the passionate sense of the potential, for the eye which, ever young and ardent, sees the possible.",creativity,potential; possible; perception; see; eye; wealth; power; passion,"Philosopher, Danish",false,,attributed_unverified,,,,,false,
q_1290,Sri Aurobindo,sri-aurobindo,"Money is the visible sign of a universal force, and this force in its manifestation on earth works on the vital and physical planes and is indispensable to the fullness of the outer life. In its origin and its true action it belongs to the Divine.",business,money; force; universal; physical; outer; action; divine,,false,,attributed_unverified,,,,,false,
q_1291,Sri Chinmoy,sri-chinmoy,"Each day beckons you to walk on the road of self-transcendence. When we transcend ourselves we do not compete with others, we compete only with our previous achievements. And each time we surpass our achievements, we get joy... Life is nothing but a perpetual possibility.",insight,life; opportunity; joy,,false,,attributed_unverified,,,,,false,
q_1292,St. Francis de Sales,st-francis-de-sales,"Never confuse your mistakes with your value as a human being. You're a perfectly valuable, creative, worthwhile person simply because you exist. And no amount of triumphs or tribulations can ever change that. Unconditional self acceptance is the core of a peaceful mind.",insight,peace; acceptance,,false,,attributed_unverified,,,,,false,
q_1293,St. Francis de Sales,st-francis-de-sales,"When you encounter difficulties and contradictions, do not try to break them, but bend them with gentleness and time.",insight,difficulties; gentleness; time; patience,,false,,attributed_unverified,,,,,false,
q_1294,St. Francis of Assisi,st-francis-of-assisi,It's no use walking anywhere to preach anything unless our walking is our preaching.,spirit,walk; preach; teach; embody; consistent,Christian,false,,attributed_unverified,,,,,false,
q_1295,St. Francis of Assisi,st-francis-of-assisi,"Start by doing what is necessary, then do what is possible, and suddenly you are doing the impossible.",spirit,necessary; possible; impossible; action; evolution,Christian,true,,attributed_unverified,,,,,false,
q_1296,Stanley Horowitz,stanley-horowitz,Nothing lowers the level of conversation more than raising the voice.,relationships,anger; conversation; voice; degrade,,false,,attributed_unverified,,,,,false,
q_1297,Stephen Covey,stephen-covey,Our ultimate freedom is the right and power to decide how anybody or anything outside ourselves will affect us.,insight,freedom; power; choice,,false,,attributed_unverified,,,,,false,
q_1298,Stephen Larsen,stephen-larsen,"Say yes to life, even though you know it will devour you. Because among the obstacles and, to be sure, the cruelties of life are signs that we are on a primary spiritual adventure (even though it seems to be taking place in what we regard as an unmistakably physical world).",insight,life; affirmation; attitude; devour; destroy; death; obstacles; cruelty; signs; spiritual; adventure; physical; world,,false,,attributed_unverified,,,,,false,
q_1299,Stephen Levine,stephen-levine,Letting go of our suffering is the hardest work we will ever do. It is also the most fruitful. To heal means to meet ourselves in a new way - in the newness of each moment where all is possible and nothing is limited to the old.,insight,suffering; healing,,false,,attributed_unverified,,,,,false,
q_1300,Stephen Levine,stephen-levine,People ask what must they become to be loving. The answer is ‘nothing.’ It is a process of letting go of what you thought you had become and allowing your true nature to float to the surface naturally.,spirit,question; loving; nothing; release; thought; truth; nature; float; surface; acceptance,,false,,attributed_unverified,,,,,false,
q_1301,Stephen R. Covey,stephen-r-covey,"Every human has four endowments - self awareness, conscience, independent will and creative imagination. These give us the ultimate human freedom... The power to choose, to respond, to change.",insight,awareness; freedom; choice; change; imagination,,false,,attributed_unverified,,,,,false,
q_1302,Stephen R. Covey,stephen-r-covey,"You may be good, but what are you good for? You’ve got to be good for something. You’ve got to be about some project, some task that requires you to be humble and obedient to the universal principles of service.",business,good; purpose; action; humble; obedient; universal; service,,false,,attributed_unverified,,,,,false,
q_1303,Steve DeMasco,steve-demasco,"Every time I feel I'm losing my own focus, I ask myself one question: What am I trying to accomplish?",business,focus; question; accomplishment; self,,false,,attributed_unverified,,,,,false,
q_1304,Steven Covey,steven-covey,For many of us there is a gap between the compass and the clock - between what's deeply important to us and the way we spend our time.,insight,time; direction,,false,,attributed_unverified,,,,,false,
q_1305,Stuart Wilde,stuart-wilde,"Remember, most of the things you think you need are ego trips designed to bolster your image and your perception of security.... You'll waste a lot of energy satisfying your ego only to find that, as soon as it's got what it wants, it ignores all your efforts and promptly nails another list of demands to your forehead. The ego will always try to force you to slave for its vision. I wouldn't stand for that BS if I were you.",insight,ego; desire; confusion,,false,,attributed_unverified,,,,,false,
q_1306,Sufi saying,sufi-saying,"When the heart grieves over what it has lost, the spirit rejoices over what it has left.",relationships,sufism; heart; grief; loss; spirit; rejoice,,false,,attributed_unverified,,,,,false,
q_1307,Sukh Chugh,sukh-chugh,"It seems in every interaction there is something to learn if we can only see ourselves as students. If we can humble ourselves, and allow ourselves to see the world without our own beliefs and dogmas, then we could see so much beauty awaiting us in each moment.",insight,learning; beliefs; beauty; world,,false,,attributed_unverified,,,,,false,
q_1310,Swami Amar Jyoti,swami-amar-jyoti,"Each body is a universe, as good a universe as you could conceive.",,,,false,,attributed_unverified,,,,,false,
q_1311,Swami Vivekananda,swami-vivekananda,We are what our thoughts have made us; so take care about what you think. Words are secondary. Thoughts live; they travel far.,insight,thoughts; thinking,Hindu,false,,attributed_unverified,,,,,false,
q_1312,Proverb,proverb,Those who wish to sing always find a song.,creativity,sing; song; desire; creativity,,false,,attributed_unverified,,,,,false,
q_1313,Sydney Smiles,sydney-smiles,The shortest way to do many things is to do only one thing at a time.,business,monotasking; action; effective; productivity,,false,,attributed_unverified,,,,,false,
q_1314,T. S. Eliot,t-s-eliot,Time you enjoyed wasting is not wasted time.,insight,time; waste; enjoyment,"Poet, British",false,,attributed_unverified,,,,,false,
q_1315,T. S. Eliot,t-s-eliot,Only those who will risk going too far can possibly find out how far one can go.,creativity,risk; distance; potential; discovery,"Poet, British",false,,attributed_unverified,,,,,false,
q_1316,T. S. Eliot,t-s-eliot,Genuine poetry can communicate before it is understood.,creativity,poetry; communicate; understanding; genuine,"Poet, British",false,,attributed_unverified,,,,,false,
q_1317,T. S. Eliot,t-s-eliot,Immature poets imitate; mature poets steal.,creativity,immature; mature; poets; copy,"Poet, British",false,,attributed_unverified,,,,,false,
q_1318,T. S. Lawrence,t-s-lawrence,"All men dream, but not equally. Those who dream by night in the dusty recesses of their minds, wake in the day to find that it was vanity: but the dreamers of the day are dangerous men, for they may act on their dreams with open eyes, to make them possible.",insight,dream; creation; possibility,Author,false,,attributed_unverified,,,,,false,
q_1319,Tarthang Tulku,tarthang-tulku,Life extracts a price for less than full participation.,insight,life; participation,,false,,attributed_unverified,,,,,false,
q_1320,Tarthang Tulku,tarthang-tulku,Whether your life is meaningful or not depends on how much you value your present situation.,insight,life; meaning; value,,false,,attributed_unverified,,,,,false,
q_1321,Teilhard de Chardin,teilhard-de-chardin,"Driven by the forces of love, the fragments of the world are seeking each other, so that the world may come into being.",relationships,love; fragments; world; seek; being; wholeness; unity; unification,,false,,attributed_unverified,,,,,false,
q_1322,Terri Guillemets,terri-guillemets,"Dancing faces you towards Heaven, whichever direction you turn.",creativity,dance; heaven,,false,,attributed_unverified,,,,,false,
q_1323,Tertullian,tertullian,The entire fruit is already present in the seed.,insight,seed; fruit,,false,,attributed_unverified,,,,,false,
q_1324,"The Bible, Job 12:8",the-bible-job-128,"Speak to the earth, and it shall teach thee.",spirit,nature,Christian,false,,attributed_unverified,,,,,false,
q_1325,The Course in Miracles,the-course-in-miracles,Those who see themselves as whole make no demands.,insight,whole; demand; self; perception,,false,,attributed_unverified,,,,,false,
q_1326,Dalai Lama,dalai-lama,Remember that not getting what you want is sometimes a wonderful stroke of luck.,insight,,"Buddhist, Tibetan",false,,attributed_unverified,,,,,false,
q_1327,The Gospel of Thomas,the-gospel-of-thomas,"If you bring forth what is within you, what you bring forth will save you. If you do not bring forth what is within you, what you do not bring forth will destroy you.",insight,destroy; share; within; self,Christian,false,,attributed_unverified,,,,,false,
q_1328,Upanishads,upanishads,"Of a certainty the man who can see all creatures in himself, himself in all creatures, knows no sorrow.",insight,self; other; animals; sorrow,Hindu,false,,attributed_unverified,,,,,false,
q_1329,The Vedas,the-vedas,"The wise use memories, but do not allow memories to use them.",,failure; success; discovery,Hindu,true,,attributed_unverified,,,,,false,
q_1330,Theodore Roethke,theodore-roethke,What we need is more people who specialize in the impossible.,business,impossible; action; work,,false,,attributed_unverified,,,,,false,
q_1331,Theodore Roosevelt,theodore-roosevelt,"Whenever you are asked if you can do a job, tell' em, 'Certainly I can!' - and get busy and find out how to do it.",insight,action; learning,,false,,attributed_unverified,,,,,false,
q_1332,Theodore Rubin,theodore-rubin,The problem is not that there are problems. The problem is expecting otherwise and thinking that having problems is a problem.,insight,problems; difficulties,,false,,attributed_unverified,,,,,false,
q_1334,Inspired by Thich Nhat Hanh's teachings,inspired-by-thich-nhat-hanhs-teachings,"The miracle is not to walk on water, but to walk with love on earth, as if your feet are kissing the ground. We must remember that our presence alone is a miracle. We must learn to say 'Yes' to the miracles of life.",insight,miracle; water; earth; life,"Buddhist, Zen, Vietnamese",false,,attributed_unverified,,,,,false,
q_1335,Inspired by Thich Nhat Hanh's teachings,inspired-by-thich-nhat-hanhs-teachings,"At any moment, you have a choice, that either leads you closer to your spirit or further away from it.",spirit,choice; spirit; moment,"Buddhist, Zen, Vietnamese",false,,attributed_unverified,,,,,false,
q_1336,Inspired by Thich Nhat Hanh's teachings,inspired-by-thich-nhat-hanhs-teachings,We have more possibilities available in each moment than we realize.,spirit,time; possibilities; present; awareness; potential,"Buddhist, Zen, Vietnamese",false,,attributed_unverified,,,,,false,
q_1337,Inspired by Thich Nhat Hanh's teachings,inspired-by-thich-nhat-hanhs-teachings,"When we look deeply into the heart of a flower, we see clouds, sunshine, minerals, time, the earth, and everything else in the cosmos in it. Without clouds that could be no rain, and without rain there would be no flower.",spirit,perception; flower; rain; clouds,"Buddhist, Zen, Vietnamese",true,,attributed_unverified,,,,,false,
q_1338,Inspired by Thich Nhat Hanh's teachings,inspired-by-thich-nhat-hanhs-teachings,"As we cultivate peace and happiness in ourselves, we also nourish peace and happiness in those we love.",relationships,love; peace; happiness,"Buddhist, Zen, Vietnamese",true,,attributed_unverified,,,,,false,
q_1339,Thomas Carlyle,thomas-carlyle,Let him who wants to move and convince others be first moved and convince himself.,insight,convince; people; self,,false,,attributed_unverified,,,,,false,
q_1340,Thomas D. Willhite,thomas-d-willhite,"Having a strong desire or being successful does not mean that you are going to feel great all the time. No matter how enlightened I become, I will not be positive all the time. You have to understand the swing of the pendulum. It must swing back and forth. The only other alternative is to sit still in neutral, which is precisely what most people do.",insight,desire; success; attitude,,false,,attributed_unverified,,,,,false,
q_1341,Thomas Edison,thomas-edison,Opportunity is missed by most people because it is dressed in overalls and looks like work.,creativity,perseverance,,false,,attributed_unverified,,,,,false,
q_1342,Thomas Edison,thomas-edison,"If we all did the things we are capable of doing, we would literally astound ourselves.",creativity,action; capable; astound; self; surprise; potential,,false,,attributed_unverified,,,,,false,
q_1343,Thomas Fuller,thomas-fuller,"Two things a man should never be angry at: what he can help, and what he cannot help.",insight,change,,true,,attributed_unverified,,,,,false,
q_1344,Thomas Fuller,thomas-fuller,He that cannot forgive others breaks the bridge over which he must pass himself; for every man has need to be forgiven.,relationships,forgiveness; bridge; need,,false,,attributed_unverified,,,,,false,
q_1345,Thomas J. Watson,thomas-j-watson,"Really big people are, above everything else, courteous, considerate and generous - not just to some people in some circumstances, but to everyone all the time.",relationships,big; people; generosity; consistent,,false,,attributed_unverified,,,,,false,
q_1346,Thomas Jefferson,thomas-jefferson,"When you reach the end of your rope, tie a knot in it and hang on.",insight,perseverance; rope,,false,,attributed_unverified,,,,,false,
q_1347,Thomas Jefferson,thomas-jefferson,"I'm a great believer in luck and I find the harder I work, the more I have of it.",business,work; luck,,true,,attributed_unverified,,,,,false,
q_1348,Thomas Keating,thomas-keating,"The chief act of the will is not effort, but consent.",insight,will; action,,false,,attributed_unverified,,,,,false,
q_1349,Thomas Leonard,thomas-leonard,"Motivation is an external, temporary high that pushes you forward. Inspiration is a sustainable internal glow which pulls you forward.",creativity,motivation; inspiration; pull; glow; internal; inner; push; sustainable; temporary,,false,,attributed_unverified,,,,,false,
q_1350,Thomas Moore,thomas-moore,"It's important to be heroic, ambitious, productive, efficient, creative, and progressive, but these qualities don't necessarily nurture soul. The soul has different concerns, of equal value: downtime for reflection, conversation, and reverie; beauty that is captivating and pleasuring; relatedness to the environs and to people; and any animal’s rhythm of rest and activity.",spirit,soul; hero; ambition; productivity; efficiency; creative; nurture; quiet; stillness; reflection; beauty; pleasure; connection; relationship; animal; rest; action,,false,,attributed_unverified,,,,,false,
q_1351,Thomas Moore,thomas-moore,I think we would be able to live in this world more peaceably if our spirituality were to come from looking not just into infinity but very closely at the world around us - and appreciating its depth and divinity.,spirit,live; world; peace; spirituality; looking; perception; infinity; appreciation; depth; divinity,,false,,attributed_unverified,,,,,false,
q_1352,Thomas Moore,thomas-moore,"We need people in our lives with whom we can be as open as possible. To have real conversation with people may seem like such a simple, obvious suggestion, but it involves courage and risk.",relationships,open; people; conversation; courage; risk,,false,,attributed_unverified,,,,,false,
q_1353,Thomas Paine,thomas-paine,Character is much easier kept than recovered.,relationships,character; preservation; identity,,false,,attributed_unverified,,,,,false,
q_1354,"Thomas Watson Jr., IBM CEO",thomas-watson-jr-ibm-ceo,Good design is good business.,design,,,false,,attributed_unverified,,,,,false,
q_1355,Henry David Thoreau,henry-david-thoreau,"In the long run, we only hit what we aim at.",business,planning; focus; success; work,Philosopher,false,,attributed_unverified,,,,,false,
q_1356,Thornton Wilder,thornton-wilder,We can only be said to be alive in those moments when our hearts are conscious of our treasures.,creativity,heart; conscious; treasure; alive; life; perception,,false,,attributed_unverified,,,,,false,
q_1357,Tielhard de Chardin,tielhard-de-chardin,Joy is the most infallible sign of the presence of God.,spirit,joy; presence; god; sign; attitude,,false,,attributed_unverified,,,,,false,
q_1358,Tolstoy,tolstoy,"Everyone thinks of changing the world, but no one thinks of changing himself.",insight,thought; change; self; world,"Author, Russian",false,,attributed_unverified,,,,,false,
q_1359,Tom Robbins,tom-robbins,Disbelief in magic can force a poor soul into believing in government and business.,,,,false,,attributed_unverified,,,,,false,
q_1360,Toni Morrison,toni-morrison,If you're going to hold someone down you're going to have to hold on by the other end of the chain. You are confined by your own repression.,insight,oppression; chain; repression,Author,false,,attributed_unverified,,,,,false,
q_1361,Tony Hillerman,tony-hillerman,"Terrible drought, crops dead, sheep dying. Spring dried out. No water. The Hopi, or the Christian, maybe the Moslem, they pray for rain. The Navajo has the proper ceremony done to restore himself to harmony with the drought. You see what I mean. The system is designed to recognize what’s beyond human power to change, and then to change the human’s attitude to be content with the inevitable.",insight,difficulties; power; change; native american,,false,,attributed_unverified,,,,,false,
q_1362,Trish Whynot,trish-whynot,Happiness is not about the fulfillment of desires; it's about honoring your heart along the way.,insight,happiness; desire; heart,,false,,attributed_unverified,,,,,false,
q_1363,Truman Capote,truman-capote,Failure is the condiment that gives success its flavor.,business,failure; success; flavor; taste,,false,,attributed_unverified,,,,,false,
q_1364,Ts'ai Ken T'an,tsai-ken-tan,Water which is too pure has no fish.,insight,purity; water; fish,,false,,attributed_unverified,,,,,false,
q_1365,Unknown,unknown,FEAR: False Evidence Appearing Real.,insight,fear,,false,,attributed_unverified,,,,,false,
q_1366,Unknown,unknown,No one can go back and make a brand new start. Anyone can start from now and make a brand new ending.,insight,time; intention,,false,,attributed_unverified,,,,,false,
q_1367,Unknown,unknown,"If you don't take care of your body, where will you live?",insight,body,,false,,attributed_unverified,,,,,false,
q_1368,Unknown,unknown,"If you don't like something, change it. If you can't change it, change the way you think about it.",insight,change; think; transformation,,false,,attributed_unverified,,,,,false,
q_1369,Unknown,unknown,Change is created by those whose imaginations are bigger than their circumstances.,insight,change; imagination; creativity,,false,,attributed_unverified,,,,,false,
q_1370,Unknown,unknown,"I can complain because rosebushes have thorns, or I can rejoice because thorn bushes have roses.",insight,perception,,false,,attributed_unverified,,,,,false,
q_1371,Unknown,unknown,"The pessimist complains about the wind, the optimist expects it to change, and the realist adjusts his sails.",insight,optimism; pessimism; realism,,false,,attributed_unverified,,,,,false,
q_1372,Unknown,unknown,"The miracles of nature do not seem miracles because they are so common. If no one had ever seen a flower, even a dandelion would be the most startling event in the world.",insight,miracle; nature; world,,true,,attributed_unverified,,,,,false,
q_1373,Unknown,unknown,"In any contest between power and patience, bet on patience.",insight,power; patience,,false,,attributed_unverified,,,,,false,
q_1374,Unknown,unknown,"You have a unique mission to fulfill in this life, for you are capable of doing things that can be accomplished by no one else‚ and when you honor your own inner Light, keeping always attuned to the Divine Source, your purpose will continue to reveal itself, though shadows of darkness and doubt will sometimes befall your path. Keep going far enough, and you will always return to a place of shimmering light and warmth, and then shall you sense with certainty that you're traveling in the right direction, and will surely reach your destination in good time.""",insight,light; path; warmth; direction; journey; destination; mission; life; divine; source; purpose; shadows; darkness; doubt,,false,,attributed_unverified,,,,,false,
q_1375,Unknown,unknown,“Honesty is the first chapter in the book of wisdom.,insight,honesty; book; wisdom,,false,,attributed_unverified,,,,,false,
q_1376,Unknown,unknown,To reflect is to reflect on the subtlest details of one's actions.,insight,reflect; actions; subtle,,false,,attributed_unverified,,,,,false,
q_1377,Unknown,unknown,"To laugh is to risk appearing the fool. To weep is to risk appearing sentimental. To reach out for another is to risk involvement. To expose feelings is to risk exposing your true self. To place your ideas, your dreams before a crowd is to risk their loss. To love is to risk not being loved in return. To live is to risk dying. To hope is to risk despair. To try is to risk failure. But risks must be taken, because the greatest hazard in life is to risk nothing.",insight,laughter; weep; fool; risk; feelings; ideas; dreams; love; death; hope; despair; effort; failure,,false,,attributed_unverified,,,,,false,
q_1378,Unknown,unknown,"Live each day as if it were your last, and one day you’ll be right.",insight,death; action; life; end,,false,,attributed_unverified,,,,,false,
q_1379,Unknown,unknown,You can never get enough of what you don’t really need.,insight,desire; satisfaction,,false,,attributed_unverified,,,,,false,
q_1380,Unknown,unknown,"It seems that we have to go to war every twenty years or so just to prove what we already know: there are no winners in war, only survivors.",insight,war; violence; survival; knowledge,,false,,attributed_unverified,,,,,false,
q_1381,Unknown,unknown,It’s impossible for an optimist to be pleasantly surprised.,humor,optimism; surprise,,false,,attributed_unverified,,,,,false,
q_1382,Unknown,unknown,"Even if you are on the right track, you'll get run over if you just sit there.",humor,train; track; path; action; right,,false,,attributed_unverified,,,,,false,
q_1383,Unknown,unknown,"Never be afraid to try something new. Remember, amateurs built the ark. Professionals built the Titanic.",humor,fear; try; boat,,false,,attributed_unverified,,,,,false,
q_1384,Unknown,unknown,It takes five years to make an overnight success.,business,success; time; work; humor,,false,,attributed_unverified,,,,,false,
q_1385,Unknown,unknown,"As artists, to cause awareness is our only strength.",creativity,artist; awareness; strength; purpose; create,,false,,attributed_unverified,,,,,false,
q_1386,Unknown,unknown,You vote for reality with your imagination.,creativity,imagination; reality; vote; perception,,false,,attributed_unverified,,,,,false,
q_1387,Unknown,unknown,"If you don’t see God in all, then you don’t see God at all.",spirit,god; unity; oneness; see; perception,,false,,attributed_unverified,,,,,false,
q_1388,Unknown,unknown,"Sometimes naked, sometimes mad, now as a scholar, now as a fool, thus they appear on earth - the free ones!",spirit,naked; scholar; fool; freedom,,false,,attributed_unverified,,,,,false,
q_1389,Unknown,unknown,You have been hired by the universe to be yourself.,spirit,universe; self; work; being,,false,,attributed_unverified,,,,,false,
q_1390,Unknown,unknown,"Reach high, for stars lie hidden in your soul. Dream deep, for every dream precedes the goal.",spirit,stars; soul; dream; goal,,false,,attributed_unverified,,,,,false,
q_1391,Unknown,unknown,"See if you can stretch your heart and expand your love so that it touches not only those to whom you can give it easily, but also to those who need it more than you.",relationships,heart; expand; love; touch; people; give; need; self; service; share,,false,,attributed_unverified,,,,,false,
q_1392,Unknown,unknown,"Know love, know happiness. No love, no happiness.",relationships,love; happiness,,true,,attributed_unverified,,,,,false,
q_1393,Unknown,unknown,"Blessed are those who can laugh at themselves, for they will never cease to be amused.",humor,laughter; self,,false,,attributed_unverified,,,,,false,
q_1394,Upanishads,upanishads,"He moves and he moves not; He is far, yet is near. He is within all that is, yet is also outside. The man who sees all beings in the self, and the self in all beings, is free from all fear.",spirit,unity; oneness; movement; within; self; fear; freedom; see; perception,Hindu,false,,attributed_unverified,,,,,false,
q_1395,Upanishads,upanishads,"When you see that God acts through you at every moment, in every movement of mind and body, you attain true freedom. When you realize the truth, and cling to nothing in the world, you enter eternal life.",spirit,hindu; eternal; life; god; oneness; action; movement; mind; body; freedom; truth; world; self,Hindu,false,,attributed_unverified,,,,,false,
q_1396,Ursula LeGuin,ursula-leguin,What sane person could live in this world and not be crazy?,humor,sane; crazy; world,,false,,attributed_unverified,,,,,false,
q_1397,Ursula LeGuin,ursula-leguin,The creative adult is the child who has survived.,creativity,child; survival; adult,,false,,attributed_unverified,,,,,false,
q_1398,Ursula LeGuin,ursula-leguin,My imagination makes me human and makes me a fool; it gives me all the world and exiles me from it.,creativity,peace; imagination; exile; fool; world,,false,,attributed_unverified,,,,,false,
q_1399,Ursula LeGuin,ursula-leguin,"The greatest religious problem today is how to be both a mystic and a militant; in other words how to combine the search for an expansion of inner awareness with effective social action, and how to feel one's true identity in both.",creativity,religion; problem; mystic; activism; search; awareness; action; identity,,false,,attributed_unverified,,,,,false,
q_1400,Ursula LeGuin,ursula-leguin,"If you see a whole thing - it seems that it's always beautiful. Planets, lives.... But close up a world's all dirt and rocks. And day to day, life's a hard job, you get tired, you lose the pattern.",insight,perception; beauty; planets; life; dirt; rock; pattern,,false,,attributed_unverified,,,,,false,
q_1401,Ursula LeGuin,ursula-leguin,"We are volcanoes. When we women offer our experience as our truth, as human truth, all the maps change. There are new mountains.",creativity,volcanoes; mountains; truth; experience; human; map; new; creation; artist,,false,,attributed_unverified,,,,,false,
q_1402,Vernon Howard,vernon-howard,"Just as surely as distress must follow self-deceit, healing must follow self-honesty.",insight,healing; truth,,false,,attributed_unverified,,,,,false,
q_1403,Vernon Howard,vernon-howard,Self-knowledge is the great power by which we comprehend and control our lives.,insight,life,,false,,attributed_unverified,,,,,false,
q_1404,Vernon Saunders,vernon-saunders,"Experience is a hard teacher, because she gives the test first, the lesson afterwards.",insight,experience; learning,,false,,attributed_unverified,,,,,false,
q_1405,Vico Magistretti,vico-magistretti,Look at usual things with unusual eyes.,design,perception; awareness; creativity,,false,,attributed_unverified,,,,,false,
q_1406,Victor Hugo,victor-hugo,"There is one thing stronger than all the armies in the world, and that is an idea whose time has come.",business,war; idea; time; strength; army success,,false,,attributed_unverified,,,,,false,
q_1407,Vince Lombardi,vince-lombardi,"If you aren’t fired with enthusiasm, you will be fired with enthusiasm.",humor,enthusiasm; work,,false,,attributed_unverified,,,,,false,
q_1408,Vincent van Gogh,vincent-van-gogh,"Your profession is not what brings home your weekly paycheck, your profession is what you're put here on earth to do, with such passion and such intensity that it becomes spiritual in calling.",insight,purpose; calling; work; art,,false,,attributed_unverified,,,,,false,
q_1409,Vincent van Gogh,vincent-van-gogh,"There may be a great fire in our soul, yet no one ever comes to warm himself at it, and the passers-by see only a wisp of smoke.",creativity,fire; great; soul; alone; smoke; people; artist; solitude,,false,,attributed_unverified,,,,,false,
q_1410,Vincent van Gogh,vincent-van-gogh,"Great things are not done by impulse, but by a series of small things brought together.",creativity,great; impulse; small; art; artist; intention,,false,,attributed_unverified,,,,,false,
q_1411,Vincent van Gogh,vincent-van-gogh,I dream my painting and I paint my dream.,creativity,art,,false,,attributed_unverified,,,,,false,
q_1412,Virginia Woolf,virginia-woolf,Literature is strewn with the wreckage of those who have minded beyond reason the opinion of others.,creativity,literature; destruction; opinion; criticism,,false,,attributed_unverified,,,,,false,
q_1413,Virginia Woolf,virginia-woolf,If you do not tell the truth about yourself you cannot tell it about other people.,creativity,truth; self; people; write; artist,,false,,attributed_unverified,,,,,false,
q_1414,Virginia Woolf,virginia-woolf,Odd how the creative power at once brings the whole universe to order.,creativity,universe; order; creative; power; art; artist,,true,,attributed_unverified,,,,,false,
q_1415,Voltaire,voltaire,The perfect is the enemy of the good.,insight,perfection,,false,,attributed_unverified,,,,,false,
q_1416,Voltaire,voltaire,Paradise is where I am.,spirit,paradise; self; presence,,false,,attributed_unverified,,,,,false,
q_1417,W. Clement Stone,w-clement-stone,"Every great person, every successful person, no matter what the field of endeavor, has known the magic that lies in these words: Every adversity has the seed of an equivalent or greater benefit.",business,adversity; seed; benefit; magic; person; perception,,false,,attributed_unverified,,,,,false,
q_1418,W. Somerset Maugham,w-somerset-maugham,"The common idea that success spoils people by making them vain, egotistic and self-complacent is erroneous; on the contrary it makes them, for the most part, humble, tolerant and kind.",insight,success; kindness,,false,,attributed_unverified,,,,,false,
q_1419,W. Somerset Maugham,w-somerset-maugham,Only a mediocre person is always at his best.,humor,person; best; mediocre,,false,,attributed_unverified,,,,,false,
q_1420,Walt Whitman,walt-whitman,To me every hour of the light and dark is a miracle. Every cubic inch of space is a miracle.,insight,light; darkness; miracle,,false,,attributed_unverified,,,,,false,
q_1421,Walt Whitman,walt-whitman,Dismiss whatever insults your soul.,insight,soul; insult,,false,,attributed_unverified,,,,,false,
q_1422,Walt Whitman,walt-whitman,I believe that a leaf of grass is no less than the journey-work of the stars.,spirit,grass; journey; stars; universe; mystical,,false,,attributed_unverified,,,,,false,
q_1423,Walt Whitman,walt-whitman,"All parts way for the progress of souls, / All religion, all solid things, arts, governments - all that / was or is apparent upon this globe or any globe, / falls into niches and corners before the procession /of souls along the grand roads of the universe.",spirit,soul; evolution; universe; religion; art; governments; world; road; path,,false,,attributed_unverified,,,,,false,
q_1424,Walt Whitman,walt-whitman,Every atom belonging to you equally belongs to me.,spirit,atom; self; unity,,false,,attributed_unverified,,,,,false,
q_1425,Walter Anderson,walter-anderson,Our lives improve only when we take chances... and the first and most difficult risk we can take is to be honest with ourselves.,insight,life; truth,,false,,attributed_unverified,,,,,false,
q_1426,Walter Cooper,walter-cooper,"If you realized that the nurtured spiritual part of yourself would accompany you on your eternal journey and that everything that you have labored so hard to accumulate would vanish the instant you depart this world, would it alter your daily agenda?",spirit,spiritual; self; eternal; journey; work; disappear; vanish; world; end; death; routine; habit; change,,false,,attributed_unverified,,,,,false,
q_1427,Walter Starcke,walter-starcke,One's true religion is what one cares about most.,spirit,religion; priority; care; true,,false,,attributed_unverified,,,,,false,
q_1428,Warren G. Bennis,warren-g-bennis,"To be authentic is literally to be your own author… to discover your own native energies and desires, and then to find your own way of acting on them.",creativity,energy; authentic; desire; discover; action; artist,,false,,attributed_unverified,,,,,false,
q_1429,Washington Irving,washington-irving,"An inexhaustible good nature is one of the most precious gifts of heaven, spreading itself like oil over the troubled sea of thought, and keeping the mind smooth and equable in the roughest weather.",insight,attitude; thought; mind,,false,,attributed_unverified,,,,,false,
q_1430,Wayne Dyer,wayne-dyer,Do not abandon trust when your ego thinks things should be different than they are.,insight,trust; ego; confusion,,false,,attributed_unverified,,,,,false,
q_1431,Wayne Dyer,wayne-dyer,Have in your mind that which would constitute a miracle for you. Get the vision. Suspend disbelief and skepticism. Allow yourself to take the journey toward real magic.,insight,miracle; vision; journey; magic,,false,,attributed_unverified,,,,,false,
q_1432,Wayne Dyer,wayne-dyer,Motivation is what happens when you take hold of an idea. Inspiration is what happens when an idea takes hold of you.,creativity,motivation; inspiration; idea; self; hold,,false,,attributed_unverified,,,,,false,
q_1433,Wayne Gretsky,wayne-gretsky,You miss 100% of the shots you don't take.,business,opportunity; action,,false,,attributed_unverified,,,,,false,
q_1434,Wayne Gretzky,wayne-gretzky,"I skate to where the puck is going to be, not where it has been.",insight,strategy,,true,,attributed_unverified,,,,,false,
q_1435,Wayne W. Dyer,wayne-w-dyer,It's never too late to have a happy childhood.,insight,childhood; time,,false,,attributed_unverified,,,,,false,
q_1436,Wei Wu Wei,wei-wu-wei,Liberation is liberation from the idea of liberation.,spirit,liberation; freedom; awareness,,false,,attributed_unverified,,,,,false,
q_1437,Wendell Berry,wendell-berry,There must be new contact between men and the earth; the earth must be newly seen and heard and felt and smelled and tasted; there must be a renewal of the wisdom that comes with knowing clearly the pain and the pleasure and the risk and the responsibility of being alive in this world.,insight,people; earth; feelings; wisdom; pain; pleasure; risk; responsibility; life; world,,false,,attributed_unverified,,,,,false,
q_1438,Werner Erhard,werner-erhard,Live as if your life depends on it.,humor,life; death,,false,,attributed_unverified,,,,,false,
q_1439,Will Rogers,will-rogers,Never let yesterday use up too much of today.,humor,past; today; time,,false,,attributed_unverified,,,,,false,
q_1440,Will Rogers,will-rogers,Why not go out on a limb? That's where the fruit is.,humor,fruit; risk; tree,,false,,attributed_unverified,,,,,false,
q_1441,Will Rogers,will-rogers,Live in such a way that you would not be ashamed to sell your parrot to the town gossip.,humor,life; bird; gossip,,false,,attributed_unverified,,,,,false,
q_1442,Will Rogers,will-rogers,"If you find yourself in a hole, the first thing to do is stop digging.",humor,hole; dig; perception,,true,,attributed_unverified,,,,,false,
q_1443,Willa Cather,willa-cather,"Where there is great love, there are always miracles.",insight,love; miracle,,false,,attributed_unverified,,,,,false,
q_1444,William A. Ward,william-a-ward,"God gave you a gift of 86,400 seconds today. Have you used one to say thank you?",spirit,god; time; gratitude; gift,,false,,attributed_unverified,,,,,false,
q_1445,William Barclay,william-barclay,There are two great days in a person's life; the day we are born and the day we discover why.,spirit,life; meaning; purpose; discovery; birth,,true,,attributed_unverified,,,,,false,
q_1446,William Blake,william-blake,"No bird soars too high, if he soars with his own wings.",insight,bird; fly; wings,,false,,attributed_unverified,,,,,false,
q_1447,William Blake,william-blake,"If the doors of perception were cleansed everything would appear to man as it is: infinite. For man has closed himself up, till he sees all things thro’ narrow chinks of his cavern.",spirit,perception; door; infinite; human; cleanse,,true,,attributed_unverified,,,,,false,
q_1448,William Blake,william-blake,A fool who persists in his folly will become wise.,insight,wisdom; fool; folly,,false,,attributed_unverified,,,,,false,
q_1449,William Booth,william-booth,The greatness of a man's power is the measure of his surrender.,insight,power,,false,,attributed_unverified,,,,,false,
q_1450,William Feather,william-feather,Success seems to be largely a matter of hanging on after others have let go.,business,success; work; perseverance; people; determination,,false,,attributed_unverified,,,,,false,
q_1451,William Gilmore Simms,william-gilmore-simms,He who would acquire fame must not show himself afraid of censure. The dread of censure is the death of genius.,creativity,death; genius; fear; fame; criticism,,false,,attributed_unverified,,,,,false,
q_1452,William Gilmore Simms,william-gilmore-simms,"There is a peaceful quality to an authentic experience of love that penetrates to our core, touching a part of ourselves that has always been there. True love activates this inner being, filling us with warmth and light. An authentic experience of love does not ask us to look a certain way, drive a certain car, or have a certain job. It takes us as we are, no changes required. When people truly love us, their love for us awakens our love for ourselves. They remind us that what we seek outside of ourselves is a mirror image of the lover within. In this way, true love never makes us feel needy or lacking or anxious. Instead, true love empowers us with its implicit message that we are, always have been, and always will be, made of love.",relationships,love; touch; true; inner; self; being; warmth; light; authentic; work; awaken; reminder; seek; within; outside; mirror; reflect; need; anxious; empower; message; peace,,false,,attributed_unverified,,,,,false,
q_1453,William H. Danforth,william-h-danforth,History records the successes of people with objectives and a sense of direction. Oblivion is the position of small people overwhelmed by obstacles.,business,history; direction; focus; work; people; small; obstacles; failure,,false,,attributed_unverified,,,,,false,
q_1454,William Henry Channing,william-henry-channing,"To live content with small means; to see elegance rather than luxury, and refinement rather than fashion; to be worthy, not respectable, and wealthy, not rich; to listen to stars and birds, babes and sages with open heart; to study hard; to think quietly, act frankly, talk gently, await occasions, hurry never; in a word, to let the spiritual unbidden and unconscious, grow up through the common - this is my symphony.",insight,live; contentment; wealth; money; stars; birds; children; heart; open; sages; spiritual; ordinary; symphony,,false,,attributed_unverified,,,,,false,
q_1455,William James,william-james,The best use of life is investing it in something which will outlast life.,insight,life; time,,false,,attributed_unverified,,,,,false,
q_1456,William James,william-james,The greatest weapon against stress is our ability to choose one thought over another.,,,,false,,attributed_unverified,,,,,false,
q_1457,William James,william-james,"Believe that your life is worth living, and your belief will create the fact.",insight,belief; life,,false,,attributed_unverified,,,,,false,
q_1458,William James,william-james,Nothing is so fatiguing as the eternal hanging on of an uncompleted task.,insight,action,,false,,attributed_unverified,,,,,false,
q_1459,William James,william-james,Most people never run far enough on their first wind to find out if they've got a second. Give your dreams all you've got and you'll be amazed at the energy that comes out of you.,creativity,dreams; energy; run; distance; self; devotion; action,,false,,attributed_unverified,,,,,false,
q_1460,William James,william-james,The art of being wise is knowing what to overlook.,insight,wisdom; perception; forgiveness,,false,,attributed_unverified,,,,,false,
q_1461,William Jennings Bryan,william-jennings-bryan,"Destiny is not a matter of chance, it is a matter of choice; it is not a thing to be waited for, it is a thing to be achieved.",insight,destiny; chance; choice; achievement; waiting,,false,,attributed_unverified,,,,,false,
q_1462,William Penn,william-penn,"Right is right, even if everyone is against it; and wrong is wrong, even if everyone is for it.",insight,right; wrong,,false,,attributed_unverified,,,,,false,
q_1463,William Shakespeare,william-shakespeare,"The fool doth think he is wise, but the wise man knows himself to be a fool.",insight,,,false,,attributed_unverified,,,,,false,
q_1464,William Shakespeare,william-shakespeare,"That that is, is.",insight,acceptance; perception,,false,,attributed_unverified,,,,,false,
q_1465,William Shakespeare,william-shakespeare,Nothing in this world is good or bad but thinking makes it so.,insight,thinking; good; bad; world,,false,,attributed_unverified,,,,,false,
q_1466,William Shakespeare,william-shakespeare,"We cannot conceive of matter being formed of nothing, since things require a seed to start from... Therefore there is not anything which returns to nothing, but all things return dissolved into their elements.",insight,seed; nothingness,,false,,attributed_unverified,,,,,false,
q_1467,William Temple,william-temple,"Humility does not mean thinking less of yourself than other people, nor does it mean having a low opinion of your gifts. It means freedom from thinking about yourself at all.",insight,freedom; thought,,false,,attributed_unverified,,,,,false,
q_1468,Winston Churchill,winston-churchill,Success is not final. Failure is not fatal. It is the courage to continue that counts.,insight,perseverence; success; business; resilience,,true,,attributed_unverified,,,,,false,
q_1469,Winston Churchill,winston-churchill,The pessimist sees difficulty in every opportunity. The optimist sees the opportunity in every difficulty.,insight,optimism; pessimism,,false,,attributed_unverified,,,,,false,
q_1470,Winston Churchill,winston-churchill,We shape our buildings; thereafter they shape us.,design,architecture; design,,false,,attributed_unverified,,,,,false,
q_1471,Winston Churchill,winston-churchill,A pessimist sees the difficulty in every opportunity; an optimist sees the opportunity in every difficulty.,insight,opportunity; difficulty,,false,,attributed_unverified,,,,,false,
q_1472,Winston Churchill,winston-churchill,"At some time in everyone's life they will stumble across opportunity. Sadly, most people will pick themselves up and walk away as though nothing had ever happened.",insight,stumble; opportunity; life; humor,,false,,attributed_unverified,,,,,false,
q_1473,Winston Churchill,winston-churchill,It's not enough that we do our best; sometimes we have to do what's required.,business,action; service; usefulness,,false,,attributed_unverified,,,,,false,
q_1474,Winston Churchill,winston-churchill,"We make a living by what we get, but we make a life by what we give.",relationships,living; work; life; give; receive,,false,,attributed_unverified,,,,,false,
q_1475,Winston Churchill,winston-churchill,"If you're going through hell, keep going.",relationships,challenges; perseverence,,false,,attributed_unverified,,,,,false,
q_1476,Wittgenstein,wittgenstein,Eternal life belongs to those who live in the present.,spirit,life; present; presence; eternal,,false,,attributed_unverified,,,,,false,
q_1477,Woodrow Wilson,woodrow-wilson,"You are not here merely to make a living. You are here in order to enable the world to live more amply, with greater vision, with a finer spirit of hope and achievement. You are here to enrich the world, and you impoverish yourself if you forget the errand.",business,purpose; money; work; world; life; vision; hope; wealth; action; achievement,,false,,attributed_unverified,,,,,false,
q_1478,Woodrow Wilson,woodrow-wilson,"I not only use all the brains that I have, but all that I can borrow.",business,teamwork; collaboration,,false,,attributed_unverified,,,,,false,
q_1479,Wu-men Huikai,wu-men-huikai,"Ten thousand flowers in spring, the moon in autumn, a cool breeze in summer, snow in winter. If your mind isn't clouded by unnecessary things, this is the best season of your life.",spirit,zen; flower; spring; moon; autumn; winder; breeze; snow; mind; season; life; perception; clarity,,false,,attributed_unverified,,,,,false,
q_1480,Wu-men Huikai,wu-men-huikai,"Since it is all too clear, it takes time to grasp it. When you understand that it's foolish to look for fire with fire, the meal is already cooked.",spirit,zen; clear; touch; fire; food; cook,,false,,attributed_unverified,,,,,false,
q_1481,Yasutani Roshi,yasutani-roshi,The fundamental delusion of humanity is to suppose that I am here and you are out there.,spirit,zen; delusion; humanity; inner; outer; self; identity,,false,,attributed_unverified,,,,,false,
q_1482,Yiddish proverb,yiddish-proverb,To assume is to be deceived.,insight,confusion; thinking,,false,,attributed_unverified,,,,,false,
q_1483,Yoda,yoda,Do or do not do. There is no try.,business,action; effort; work,,false,,attributed_unverified,,,,,false,
q_1484,Yoga Sutras of Patanjali,yoga-sutras-of-patanjali,"When an individual has achieved complete understanding of her true self, she will no longer be disturbed by the distracting influences within and around her.",,,,false,,attributed_unverified,,,,,false,
q_1485,Yoga Sutras of Patanjali,yoga-sutras-of-patanjali,Any change into a new state of being is the result of the fullness of nature unfolding inherent potential.,creativity,growth; evolution; change,,true,,attributed_unverified,,,,,false,
q_1486,Yogi Amrit Desai,yogi-amrit-desai,Do everything with so much love you would never want to do it another way.,creativity,love; action,,false,,attributed_unverified,,,,,false,
q_1487,Yogi Berra,yogi-berra,The future isn’t what it used to be.,humor,future; time; past,,false,,attributed_unverified,,,,,false,
q_1488,Yunmen Wenyan,yunmen-wenyan,"If your mind isn’t clouded by unnecessary things, this is the best season of your life.",insight,perception; zen; poetry,,true,,attributed_unverified,,,,,false,
q_1489,Zen proverb,zen-proverb,Seek not to follow in the footsteps of the ancient masters. Seek what they sought.,spirit,seek; masters; teachers; footsteps; discovery; zen; buddhism,,false,,attributed_unverified,,,,,false,
q_1490,Zen proverb,zen-proverb,"Do not seek the truth, only cease to cherish your opinions.",spirit,zen; truth; opinions,,false,,attributed_unverified,,,,,false,
q_1491,Zen proverb,zen-proverb,"If you understand, things are just as they are; if you do not understand, things are just as they are.",spirit,understanding; being; zen; buddhism,,false,,attributed_unverified,,,,,false,
q_1492,Zen proverb,zen-proverb,"When you seek it, you cannot find it.",spirit,zen; seek; find; buddhism; paradox,,false,,attributed_unverified,,,,,false,
q_1493,Zen proverb,zen-proverb,"The ten thousand questions are one question. If you cut through the one question, then the ten thousand questions disappear.",spirit,questions; disappear; zen,,false,,attributed_unverified,,,,,false,
q_1494,Zen proverb,zen-proverb,"Though the bamboo forest is dense, water flows through it freely.",spirit,zen; bamboo; forest; water; flow,,false,,attributed_unverified,,,,,false,
q_1495,Zen proverb,zen-proverb,"To follow the path, look to the master, follow the master, walk with the master, see through the master, become the master.",spirit,zen; path; master; walk; see,,false,,attributed_unverified,,,,,false,
q_1496,Zen proverb,zen-proverb,All of the significant battles are waged within the self.,spirit,zen; war; battle; self; violence,,false,,attributed_unverified,,,,,false,
q_1497,Zen proverb,zen-proverb,Life is the only thing worth living for.,spirit,zen; life; living,,false,,attributed_unverified,,,,,false,
q_1498,Zen proverb,zen-proverb,There is nothing infinite apart from finite things.,spirit,zen; infinite; finite; nothing,,false,,attributed_unverified,,,,,false,
q_1499,Zen proverb,zen-proverb,"Where there is great doubt, there will be great awakening; small doubt, small awakening, no doubt, no awakening.",spirit,zen; doubt; great; awakening; enlightenment; small,,false,,attributed_unverified,,,,,false,
q_1500,Zen proverb,zen-proverb,"Sitting peacefully doing nothing, spring comes and the grass grows all by itself.",spirit,zen; sit; peaceful; peace; spring; grass; growth,,false,,attributed_unverified,,,,,false,
q_1501,Zen proverb,zen-proverb,Even a good thing isn't as good as nothing.,spirit,zen; nothing; good,,false,,attributed_unverified,,,,,false,
q_1502,Zen proverb,zen-proverb,"The one has many manifestations, and the many have one essence.",spirit,oneness; unity; essence; buddhist,,false,,attributed_unverified,,,,,false,
q_1503,Zen proverb,zen-proverb,You must become somebody before you can become nobody.,spirit,buddhist; nobody; self,,false,,attributed_unverified,,,,,false,
q_1504,Zen proverb,zen-proverb,Man stands in his own shadow and wonders why it is dark.,insight,darkness; shadow; perception,,false,,attributed_unverified,,,,,false,
q_1505,Zen saying,zen-saying,"If your heart is pure, then all things in this world are pure.",spirit,pure; heart; world; perception; zen,,false,,attributed_unverified,,,,,false,
q_1506,Zen saying,zen-saying,"Things are not as they seem, nor are they otherwise.",spirit,appearance; perception,,false,,attributed_unverified,,,,,false,
q_1507,Zen saying,zen-saying,Not always so.,spirit,zen; buddhism; impermanence; change,,false,,attributed_unverified,,,,,false,
q_1508,Zen saying,zen-saying,To know and not do is not yet to know.,spirit,zen; knowledge; action; embody,,false,,attributed_unverified,,,,,false,
q_1509,Zora Neale Hurston,zora-neale-hurston,Research is formalized curiosity. It is poking and prying with a purpose. It is a seeking that he who wishes may know the cosmic secrets of the world and they that dwell therein.,design,testing,,false,,attributed_unverified,,,,,false,
